Work_ID,State,District,Work_Type,Sanction_Amount,Estimated_Cost,Expenditure,Progress_Percentage,Delay_Days,Implementing_Agency,Status,Latitude,Longitude,Anomaly,Anomaly_Status,Anomaly_Score,Risk_Score,Risk_Level,Risk_Reasons
MPLADS_0001,Tamil Nadu,District_13,Drainage,875963,2708492,702289,66,19,Agency_9,Completed,8.569982,76.842008,1,Normal,0.0302574305703107,15,LOW,High expenditure
MPLADS_0002,Maharashtra,District_13,Community Hall,626515,4695289,3547498,61,420,Agency_3,In Progress,17.198725,73.933655,1,Normal,0.0406461946971863,55,MEDIUM,"Expenditure exceeds sanctioned amount, Severe project delay"
MPLADS_0003,Karnataka,District_2,School,2412460,2193184,1806218,38,130,Agency_19,In Progress,12.805969,75.311438,1,Normal,0.1042387111322487,35,MEDIUM,"Project delay, Low progress with high expenditure"
MPLADS_0004,Maharashtra,District_9,Road,4337382,554910,3694032,36,328,Agency_9,In Progress,16.726928,80.043153,1,Normal,0.067909965553792,70,HIGH,"High expenditure, Severe project delay, Low progress with high expenditure, High sanctioned amount"
MPLADS_0005,Maharashtra,District_24,Drinking Water,2100053,3491558,2394318,85,121,Agency_10,In Progress,16.121519,76.953445,1,Normal,0.0889809058052653,45,MEDIUM,"Expenditure exceeds sanctioned amount, Project delay"
MPLADS_0006,Telangana,District_8,Hospital,809401,673090,562226,7,40,Agency_19,Completed,17.482627,80.933039,1,Normal,0.0064936065183968,0,LOW,No major risk detected
MPLADS_0007,Karnataka,District_7,Drainage,2035681,2079341,270710,80,166,Agency_16,Completed,12.284272,75.830136,1,Normal,0.0571134488583269,15,LOW,Project delay
MPLADS_0008,Karnataka,District_4,Road,2611913,3067465,1290896,51,409,Agency_18,Delayed,18.286293,77.981333,1,Normal,0.0906174438045009,25,LOW,Severe project delay
MPLADS_0009,Karnataka,District_18,Drainage,1869231,2576915,2050403,90,129,Agency_14,Completed,17.219504,75.186353,1,Normal,0.0907163408939026,45,MEDIUM,"Expenditure exceeds sanctioned amount, Project delay"
MPLADS_0010,Maharashtra,District_3,Road,4117784,2452114,3813074,32,22,Agency_3,Completed,16.710769,78.149739,1,Normal,0.0342390288171767,45,MEDIUM,"High expenditure, Low progress with high expenditure, High sanctioned amount"
MPLADS_0011,Tamil Nadu,District_28,Community Hall,3385379,3529799,4156226,80,278,Agency_2,Delayed,13.204506,78.538404,1,Normal,0.083986854522832,55,MEDIUM,"Expenditure exceeds sanctioned amount, Severe project delay"
MPLADS_0012,Karnataka,District_6,Community Hall,1599317,1819617,948193,41,250,Agency_1,Completed,15.501289,75.287904,1,Normal,0.0918849824903464,25,LOW,Severe project delay
MPLADS_0013,Kerala,District_12,Community Hall,4312511,2488761,1415419,75,468,Agency_18,In Progress,11.739667,75.286314,1,Normal,0.0468737252532968,35,MEDIUM,"Severe project delay, High sanctioned amount"
MPLADS_0014,Maharashtra,District_12,Drainage,938698,2898039,3872012,26,399,Agency_9,Not Started,17.703915,76.131122,1,Normal,0.0695364134850969,75,HIGH,"Expenditure exceeds sanctioned amount, Severe project delay, Low progress with high expenditure"
MPLADS_0015,Telangana,District_21,Drinking Water,3536142,687509,1553103,7,8,Agency_13,Not Started,17.881203,78.121157,1,Normal,0.0243088041165779,0,LOW,No major risk detected
MPLADS_0016,Tamil Nadu,District_28,Community Hall,2258578,2446629,3517145,22,12,Agency_2,Delayed,8.643086,78.764604,1,Normal,0.0601503637916652,50,MEDIUM,"Expenditure exceeds sanctioned amount, Low progress with high expenditure"
MPLADS_0017,Kerala,District_8,Road,1609657,930432,1788244,63,411,Agency_7,Completed,9.527701,76.311219,1,Normal,0.0904676466743252,55,MEDIUM,"Expenditure exceeds sanctioned amount, Severe project delay"
MPLADS_0018,Kerala,District_22,Community Hall,2281946,516995,3912216,92,410,Agency_16,Completed,8.910068,76.050964,1,Normal,0.0390681231523264,55,MEDIUM,"Expenditure exceeds sanctioned amount, Severe project delay"
MPLADS_0019,Telangana,District_22,School,3930323,4872778,4792337,19,306,Agency_19,Delayed,17.983617,77.396929,1,Normal,0.0139764628554781,75,HIGH,"Expenditure exceeds sanctioned amount, Severe project delay, Low progress with high expenditure"
MPLADS_0020,Tamil Nadu,District_1,Community Hall,595726,4934299,3151537,15,319,Agency_15,Not Started,9.884984,76.764542,1,Normal,0.0368814841148046,75,HIGH,"Expenditure exceeds sanctioned amount, Severe project delay, Low progress with high expenditure"
MPLADS_0021,Maharashtra,District_4,Drainage,2730259,3989625,1190859,16,51,Agency_11,In Progress,16.011937,80.81667,1,Normal,0.055026679406871,0,LOW,No major risk detected
MPLADS_0022,Andhra Pradesh,District_21,Drinking Water,492244,1679618,4597749,79,208,Agency_1,Completed,14.727535,83.259983,1,Normal,0.0474116649849716,55,MEDIUM,"Expenditure exceeds sanctioned amount, Severe project delay"
MPLADS_0023,Tamil Nadu,District_28,School,540999,3424775,3536844,18,37,Agency_7,Delayed,9.425988,79.062311,1,Normal,0.0301663545675938,50,MEDIUM,"Expenditure exceeds sanctioned amount, Low progress with high expenditure"
MPLADS_0024,Telangana,District_11,Drainage,3239189,2240002,1990425,7,99,Agency_8,In Progress,18.916934,79.463427,1,Normal,0.0709084810867901,15,LOW,Project delay
MPLADS_0025,Kerala,District_3,Drainage,4862066,3043349,4760411,37,192,Agency_10,Delayed,10.36925,75.870786,1,Normal,0.0238904732659384,70,HIGH,"High expenditure, Severe project delay, Low progress with high expenditure, High sanctioned amount"
MPLADS_0026,Maharashtra,District_13,Drainage,457407,1292522,1471742,37,401,Agency_5,Delayed,17.867644,80.315092,1,Normal,0.0571673812127363,75,HIGH,"Expenditure exceeds sanctioned amount, Severe project delay, Low progress with high expenditure"
MPLADS_0027,Tamil Nadu,District_25,Road,921158,2618101,2951616,52,190,Agency_9,Delayed,12.651469,80.253113,1,Normal,0.1047218066355962,55,MEDIUM,"Expenditure exceeds sanctioned amount, Severe project delay"
MPLADS_0028,Andhra Pradesh,District_17,Drainage,1353306,1016325,2484370,92,50,Agency_1,Not Started,13.420362,82.620027,1,Normal,0.0495802330323669,30,LOW,Expenditure exceeds sanctioned amount
MPLADS_0029,Andhra Pradesh,District_22,Road,470602,4047936,2088937,99,392,Agency_2,Not Started,18.793047,78.167988,1,Normal,0.00069088892175,55,MEDIUM,"Expenditure exceeds sanctioned amount, Severe project delay"
MPLADS_0030,Karnataka,District_22,Drainage,3882809,1347776,3751372,89,140,Agency_19,Delayed,11.965474,77.409155,1,Normal,0.0666029277828375,30,LOW,"High expenditure, Project delay"
MPLADS_0031,Karnataka,District_10,Hospital,1677650,4969831,537340,30,167,Agency_14,Completed,15.521312,77.872412,1,Normal,0.0350190734013643,15,LOW,Project delay
MPLADS_0032,Telangana,District_21,School,106635,2091215,1365097,43,310,Agency_10,In Progress,16.373067,80.222016,1,Normal,0.0490822171134246,55,MEDIUM,"Expenditure exceeds sanctioned amount, Severe project delay"
MPLADS_0033,Tamil Nadu,District_12,Hospital,2912349,1857317,2065397,59,108,Agency_9,Completed,9.129113,76.887355,1,Normal,0.1063012876435066,15,LOW,Project delay
MPLADS_0034,Tamil Nadu,District_15,Drainage,2393136,3752590,1257486,75,206,Agency_10,Not Started,8.919888,79.621214,1,Normal,0.091964471645732,25,LOW,Severe project delay
MPLADS_0035,Kerala,District_21,School,4472888,3822088,2437115,16,426,Agency_6,In Progress,11.259907,76.15997,1,Normal,0.0539778360321829,35,MEDIUM,"Severe project delay, High sanctioned amount"
MPLADS_0036,Kerala,District_10,School,3614360,1533702,1958697,78,299,Agency_17,Delayed,9.85062,77.080721,1,Normal,0.0973148611894994,25,LOW,Severe project delay
MPLADS_0037,Kerala,District_14,Drinking Water,1770444,4978476,1089037,72,109,Agency_6,Completed,10.005247,76.923159,1,Normal,0.0437276412699341,15,LOW,Project delay
MPLADS_0038,Karnataka,District_13,Hospital,135166,3936613,3962910,38,195,Agency_4,Completed,14.573944,75.733944,1,Normal,0.0392294255032693,75,HIGH,"Expenditure exceeds sanctioned amount, Severe project delay, Low progress with high expenditure"
MPLADS_0039,Tamil Nadu,District_5,Drinking Water,2523006,4060442,4161951,41,416,Agency_3,Delayed,10.591007,77.465787,1,Normal,0.0773211370634289,55,MEDIUM,"Expenditure exceeds sanctioned amount, Severe project delay"
MPLADS_0040,Tamil Nadu,District_6,School,3493571,4354083,3165200,47,151,Agency_19,Completed,12.186613,78.311426,1,Normal,0.0885337175980068,30,LOW,"High expenditure, Project delay"
MPLADS_0041,Andhra Pradesh,District_24,Road,4028966,3354860,865695,11,419,Agency_18,Not Started,14.132604,83.986554,1,Normal,0.0459861136859548,35,MEDIUM,"Severe project delay, High sanctioned amount"
MPLADS_0042,Karnataka,District_2,School,3914856,4696386,122036,95,242,Agency_4,Delayed,14.187239,76.500343,-1,Anomaly,-0.0057974381149289,45,MEDIUM,"Severe project delay, AI detected unusual pattern"
MPLADS_0043,Maharashtra,District_22,Drinking Water,347883,384248,4392978,88,127,Agency_8,Completed,21.492069,77.781175,1,Normal,0.0066587946876298,45,MEDIUM,"Expenditure exceeds sanctioned amount, Project delay"
MPLADS_0044,Karnataka,District_17,Hospital,4407356,711440,2394819,17,104,Agency_17,Delayed,12.318286,78.323228,1,Normal,0.0639818691028326,25,LOW,"Project delay, High sanctioned amount"
MPLADS_0045,Maharashtra,District_4,Drainage,4202567,1243502,3841854,78,9,Agency_5,In Progress,19.680102,75.379717,1,Normal,0.02532473897628,25,LOW,"High expenditure, High sanctioned amount"
MPLADS_0046,Andhra Pradesh,District_14,Drainage,806079,3379782,899694,95,355,Agency_13,Delayed,13.519196,83.131604,1,Normal,0.0292348732607404,55,MEDIUM,"Expenditure exceeds sanctioned amount, Severe project delay"
MPLADS_0047,Telangana,District_10,Hospital,3683646,804981,600348,5,147,Agency_1,Completed,18.342298,79.227152,1,Normal,0.0277376452335186,15,LOW,Project delay
MPLADS_0048,Tamil Nadu,District_3,Drainage,1493401,431325,2770911,42,488,Agency_13,Not Started,13.005798,79.512108,1,Normal,0.0484421488685817,55,MEDIUM,"Expenditure exceeds sanctioned amount, Severe project delay"
MPLADS_0049,Andhra Pradesh,District_25,Drainage,665416,863526,1381446,34,364,Agency_4,Delayed,13.601054,79.224949,1,Normal,0.0567444169548874,75,HIGH,"Expenditure exceeds sanctioned amount, Severe project delay, Low progress with high expenditure"
MPLADS_0050,Tamil Nadu,District_3,Drinking Water,4141373,1013544,3434404,97,363,Agency_14,Delayed,9.391539,79.324574,1,Normal,0.030044853052129,50,MEDIUM,"High expenditure, Severe project delay, High sanctioned amount"
MPLADS_0051,Kerala,District_15,Hospital,2308233,2476062,919121,53,458,Agency_3,Completed,8.354249,76.281713,1,Normal,0.0718287550848218,25,LOW,Severe project delay
MPLADS_0052,Telangana,District_6,Community Hall,3061165,4928274,3631301,61,139,Agency_5,Not Started,18.926081,80.531709,1,Normal,0.0608466850202408,45,MEDIUM,"Expenditure exceeds sanctioned amount, Project delay"
MPLADS_0053,Telangana,District_17,Road,2782406,655751,2150314,68,189,Agency_7,Not Started,17.202535,80.320778,1,Normal,0.1070750407809954,25,LOW,Severe project delay
MPLADS_0054,Andhra Pradesh,District_12,Road,1236430,1788614,4076981,81,401,Agency_1,In Progress,13.330169,83.556264,1,Normal,0.06924099775729,55,MEDIUM,"Expenditure exceeds sanctioned amount, Severe project delay"
MPLADS_0055,Telangana,District_22,Drainage,4205304,3482338,4477801,15,93,Agency_12,In Progress,16.322704,78.709692,1,Normal,0.0267225862733955,75,HIGH,"Expenditure exceeds sanctioned amount, Project delay, Low progress with high expenditure, High sanctioned amount"
MPLADS_0056,Maharashtra,District_20,Road,3859395,523656,2219465,7,491,Agency_11,Completed,20.78242,73.844315,1,Normal,0.0278703410516749,25,LOW,Severe project delay
MPLADS_0057,Telangana,District_24,Hospital,3957297,1008379,2135629,88,495,Agency_8,Not Started,16.739931,79.94456,1,Normal,0.0236594721984841,25,LOW,Severe project delay
MPLADS_0058,Tamil Nadu,District_29,Hospital,2779737,4861889,2193525,95,228,Agency_6,Not Started,12.032205,78.89282,1,Normal,0.0390371764912609,25,LOW,Severe project delay
MPLADS_0059,Tamil Nadu,District_11,School,2709786,2951884,4084669,89,62,Agency_2,In Progress,11.886111,78.479443,1,Normal,0.063605716830165,30,LOW,Expenditure exceeds sanctioned amount
MPLADS_0060,Tamil Nadu,District_25,School,1210714,4077187,703464,85,339,Agency_19,In Progress,9.410075,77.651923,1,Normal,0.0599693796347308,25,LOW,Severe project delay
MPLADS_0061,Tamil Nadu,District_4,Road,362916,56464,728730,30,24,Agency_14,Completed,9.016947,80.015492,-1,Anomaly,-0.0153043775701521,70,HIGH,"Expenditure exceeds sanctioned amount, Low progress with high expenditure, AI detected unusual pattern"
MPLADS_0062,Maharashtra,District_26,Community Hall,4185316,1639426,1587415,9,267,Agency_1,Not Started,19.392047,75.927067,1,Normal,0.0611147716471528,35,MEDIUM,"Severe project delay, High sanctioned amount"
MPLADS_0063,Karnataka,District_28,School,4284453,3775530,4272663,55,404,Agency_10,Delayed,14.734041,78.357503,1,Normal,0.0560870804597571,50,MEDIUM,"High expenditure, Severe project delay, High sanctioned amount"
MPLADS_0064,Kerala,District_26,School,398844,1211140,3603824,75,280,Agency_16,In Progress,8.905416,76.324198,1,Normal,0.0671501882615655,55,MEDIUM,"Expenditure exceeds sanctioned amount, Severe project delay"
MPLADS_0065,Andhra Pradesh,District_6,Hospital,3030342,1468767,4678223,91,10,Agency_4,Completed,15.938865,81.652779,1,Normal,0.0024967016315261,30,LOW,Expenditure exceeds sanctioned amount
MPLADS_0066,Tamil Nadu,District_1,Community Hall,3674656,3663163,1368356,69,319,Agency_11,Not Started,8.101417,79.86292,1,Normal,0.0867690317648677,25,LOW,Severe project delay
MPLADS_0067,Telangana,District_20,Drainage,4372751,2704074,1525719,19,200,Agency_16,Not Started,19.621685,79.347506,1,Normal,0.0769771497409965,35,MEDIUM,"Severe project delay, High sanctioned amount"
MPLADS_0068,Tamil Nadu,District_23,Road,2608845,1885068,4151426,4,125,Agency_1,In Progress,11.901245,80.074497,1,Normal,0.056383463730704,65,HIGH,"Expenditure exceeds sanctioned amount, Project delay, Low progress with high expenditure"
MPLADS_0069,Telangana,District_28,School,1662033,1894277,826117,22,305,Agency_16,Completed,18.699678,77.779648,1,Normal,0.0836216324932776,25,LOW,Severe project delay
MPLADS_0070,Kerala,District_16,Community Hall,2981531,315039,847566,8,189,Agency_19,Delayed,10.850926,76.377459,1,Normal,0.0431098219443605,25,LOW,Severe project delay
MPLADS_0071,Kerala,District_15,Community Hall,3374024,1441579,1166543,57,88,Agency_9,In Progress,10.151001,76.714755,1,Normal,0.078031146822609,0,LOW,No major risk detected
MPLADS_0072,Kerala,District_17,Road,4925217,2126259,104455,58,354,Agency_9,Completed,12.498088,77.206478,1,Normal,0.0207222337392359,35,MEDIUM,"Severe project delay, High sanctioned amount"
MPLADS_0073,Telangana,District_8,Community Hall,3518282,2251279,1519639,92,115,Agency_9,Not Started,17.648441,77.630305,1,Normal,0.0628928475468211,15,LOW,Project delay
MPLADS_0074,Tamil Nadu,District_28,Community Hall,1464474,4340730,1233981,79,351,Agency_17,Delayed,13.515111,79.723372,1,Normal,0.0703399896199194,40,MEDIUM,"High expenditure, Severe project delay"
MPLADS_0075,Kerala,District_26,Community Hall,403039,3096672,2346798,53,176,Agency_12,Completed,8.773448,77.194189,1,Normal,0.0826771568399982,45,MEDIUM,"Expenditure exceeds sanctioned amount, Project delay"
MPLADS_0076,Maharashtra,District_12,School,1411425,1110538,4394241,45,13,Agency_13,Delayed,21.254326,76.906356,1,Normal,0.0268376417628699,30,LOW,Expenditure exceeds sanctioned amount
MPLADS_0077,Telangana,District_27,Road,2340146,1446102,2579464,21,256,Agency_8,Completed,18.224229,78.71621,1,Normal,0.0956100643434385,75,HIGH,"Expenditure exceeds sanctioned amount, Severe project delay, Low progress with high expenditure"
MPLADS_0078,Telangana,District_22,Community Hall,3007498,54011,2168344,63,208,Agency_16,Completed,16.024523,78.47375,1,Normal,0.0783548294604805,25,LOW,Severe project delay
MPLADS_0079,Tamil Nadu,District_21,Community Hall,1619720,2014724,845165,7,280,Agency_18,Completed,12.495979,76.219454,1,Normal,0.0698467066988319,25,LOW,Severe project delay
MPLADS_0080,Telangana,District_10,School,1177787,4264086,3390889,19,442,Agency_1,Completed,17.167347,78.713041,1,Normal,0.0518375747513348,75,HIGH,"Expenditure exceeds sanctioned amount, Severe project delay, Low progress with high expenditure"
MPLADS_0081,Telangana,District_27,Road,1985657,482941,1744428,50,327,Agency_1,Delayed,18.003322,80.695451,1,Normal,0.0862317021257197,40,MEDIUM,"High expenditure, Severe project delay"
MPLADS_0082,Kerala,District_15,Hospital,2032539,3239187,3832069,77,324,Agency_12,In Progress,9.793192,75.702078,1,Normal,0.0943430773481152,55,MEDIUM,"Expenditure exceeds sanctioned amount, Severe project delay"
MPLADS_0083,Tamil Nadu,District_9,School,3621387,2758685,4490591,38,388,Agency_6,Delayed,12.130007,78.099315,1,Normal,0.0729577043757732,75,HIGH,"Expenditure exceeds sanctioned amount, Severe project delay, Low progress with high expenditure"
MPLADS_0084,Kerala,District_2,Road,4964150,653151,2053683,36,104,Agency_9,Completed,9.233182,75.976343,1,Normal,0.0463051915729617,25,LOW,"Project delay, High sanctioned amount"
MPLADS_0085,Kerala,District_5,Community Hall,1759813,1873327,3154787,49,482,Agency_5,Delayed,8.847942,75.258606,1,Normal,0.0690638394688621,55,MEDIUM,"Expenditure exceeds sanctioned amount, Severe project delay"
MPLADS_0086,Tamil Nadu,District_6,Road,959210,3976449,2822789,33,146,Agency_16,Delayed,10.79086,77.959487,1,Normal,0.0776982915424797,65,HIGH,"Expenditure exceeds sanctioned amount, Project delay, Low progress with high expenditure"
MPLADS_0087,Andhra Pradesh,District_7,Road,2002026,1890277,3262772,74,278,Agency_18,Delayed,18.637983,79.635391,1,Normal,0.1136200425200433,55,MEDIUM,"Expenditure exceeds sanctioned amount, Severe project delay"
MPLADS_0088,Kerala,District_21,Drainage,82766,4550328,1563749,32,8,Agency_17,Completed,10.870706,76.443887,-1,Anomaly,-0.0220575166799888,70,HIGH,"Expenditure exceeds sanctioned amount, Low progress with high expenditure, AI detected unusual pattern"
MPLADS_0089,Maharashtra,District_25,Road,4800014,4358307,2288214,30,117,Agency_18,Delayed,15.685114,78.10736,1,Normal,0.0492471589213378,25,LOW,"Project delay, High sanctioned amount"
MPLADS_0090,Maharashtra,District_1,Hospital,4518653,4494910,466104,53,93,Agency_1,Not Started,16.757234,80.576884,1,Normal,0.0235807977442054,25,LOW,"Project delay, High sanctioned amount"
MPLADS_0091,Telangana,District_23,Road,4724110,781636,2176503,43,433,Agency_19,Completed,16.409517,78.775572,1,Normal,0.0408821870155509,35,MEDIUM,"Severe project delay, High sanctioned amount"
MPLADS_0092,Maharashtra,District_26,Hospital,1510235,4804489,244085,33,143,Agency_8,Delayed,16.154773,80.874056,1,Normal,0.0285631636877772,15,LOW,Project delay
MPLADS_0093,Telangana,District_7,Community Hall,1508316,736290,768171,70,288,Agency_3,Not Started,17.859,79.462463,1,Normal,0.0707548326413048,25,LOW,Severe project delay
MPLADS_0094,Andhra Pradesh,District_20,Hospital,1477197,1811169,508095,61,385,Agency_5,Delayed,13.042705,82.77468,1,Normal,0.0796115282052414,25,LOW,Severe project delay
MPLADS_0095,Tamil Nadu,District_25,Community Hall,4178784,1830832,2177461,22,13,Agency_8,In Progress,9.175471,79.971828,1,Normal,0.0433125111896687,10,LOW,High sanctioned amount
MPLADS_0096,Tamil Nadu,District_12,Community Hall,4683662,3266662,4890397,45,493,Agency_19,Delayed,9.148782,77.000888,-1,Anomaly,-0.0126291489249081,85,CRITICAL,"Expenditure exceeds sanctioned amount, Severe project delay, High sanctioned amount, AI detected unusual pattern"
MPLADS_0097,Tamil Nadu,District_16,Hospital,4982048,2414825,1177732,55,256,Agency_18,Delayed,8.204678,78.182681,1,Normal,0.0473099039763875,35,MEDIUM,"Severe project delay, High sanctioned amount"
MPLADS_0098,Maharashtra,District_16,School,3911460,3972380,2445296,6,345,Agency_18,In Progress,19.271467,73.145382,1,Normal,0.0545825033491699,25,LOW,Severe project delay
MPLADS_0099,Andhra Pradesh,District_11,Drinking Water,3103380,2503894,1500424,88,185,Agency_1,Completed,17.718482,80.37164,1,Normal,0.0841575823284276,25,LOW,Severe project delay
MPLADS_0100,Maharashtra,District_21,Road,361385,2230139,31576,60,344,Agency_15,In Progress,19.008537,76.258331,1,Normal,0.0188235203033415,25,LOW,Severe project delay
MPLADS_0101,Maharashtra,District_4,Drainage,3657323,3769194,3683336,2,399,Agency_18,Completed,18.20496,77.245015,1,Normal,0.0369834768497853,75,HIGH,"Expenditure exceeds sanctioned amount, Severe project delay, Low progress with high expenditure"
MPLADS_0102,Andhra Pradesh,District_13,Drinking Water,983476,3333737,2773262,37,206,Agency_7,In Progress,13.624586,78.173618,1,Normal,0.096870016661304,75,HIGH,"Expenditure exceeds sanctioned amount, Severe project delay, Low progress with high expenditure"
MPLADS_0103,Andhra Pradesh,District_7,Road,1978854,1482672,2734442,83,345,Agency_16,Delayed,18.287785,84.363535,1,Normal,0.0947878926966769,55,MEDIUM,"Expenditure exceeds sanctioned amount, Severe project delay"
MPLADS_0104,Andhra Pradesh,District_4,Road,859359,614174,3340263,33,430,Agency_16,Delayed,15.063841,78.893032,1,Normal,0.043610053169629,75,HIGH,"Expenditure exceeds sanctioned amount, Severe project delay, Low progress with high expenditure"
MPLADS_0105,Andhra Pradesh,District_15,Community Hall,2262809,1672563,3675842,43,171,Agency_15,Completed,16.850397,80.010747,1,Normal,0.1049074153697422,45,MEDIUM,"Expenditure exceeds sanctioned amount, Project delay"
MPLADS_0106,Tamil Nadu,District_19,Road,3000214,2578474,2747968,29,463,Agency_6,Completed,8.142164,76.855841,1,Normal,0.0734011332877302,60,MEDIUM,"High expenditure, Severe project delay, Low progress with high expenditure"
MPLADS_0107,Karnataka,District_9,Drainage,2251580,2257928,2801338,16,269,Agency_9,Not Started,16.511806,77.03105,1,Normal,0.105875309931988,75,HIGH,"Expenditure exceeds sanctioned amount, Severe project delay, Low progress with high expenditure"
MPLADS_0108,Karnataka,District_11,Road,1544139,3821460,2196203,58,220,Agency_7,Not Started,11.689672,75.021072,1,Normal,0.1083166297774389,55,MEDIUM,"Expenditure exceeds sanctioned amount, Severe project delay"
MPLADS_0109,Andhra Pradesh,District_8,Hospital,3059828,2515596,2921451,9,151,Agency_14,Delayed,14.125094,82.142331,1,Normal,0.0919964075019911,50,MEDIUM,"High expenditure, Project delay, Low progress with high expenditure"
MPLADS_0110,Karnataka,District_1,Drinking Water,4202092,4455113,3347031,98,110,Agency_11,Delayed,11.637974,74.478899,1,Normal,0.0180320913490585,25,LOW,"Project delay, High sanctioned amount"
MPLADS_0111,Karnataka,District_23,Hospital,1840146,1463967,2310457,83,182,Agency_16,Not Started,17.099413,74.821305,1,Normal,0.1005122336982219,55,MEDIUM,"Expenditure exceeds sanctioned amount, Severe project delay"
MPLADS_0112,Andhra Pradesh,District_25,Drainage,119518,3437990,3462550,17,398,Agency_6,Not Started,16.908124,78.629281,1,Normal,0.0241309021445504,75,HIGH,"Expenditure exceeds sanctioned amount, Severe project delay, Low progress with high expenditure"
MPLADS_0113,Karnataka,District_24,Road,226355,4777589,3955123,44,338,Agency_16,Completed,12.19609,75.118592,1,Normal,0.0342122575921527,55,MEDIUM,"Expenditure exceeds sanctioned amount, Severe project delay"
MPLADS_0114,Maharashtra,District_8,Drainage,1966334,3301830,2564728,90,71,Agency_16,In Progress,20.294735,79.702281,1,Normal,0.0753258310217235,30,LOW,Expenditure exceeds sanctioned amount
MPLADS_0115,Telangana,District_13,Community Hall,2814717,3461097,4778026,58,417,Agency_12,Completed,19.203901,78.709297,1,Normal,0.0517131279738766,55,MEDIUM,"Expenditure exceeds sanctioned amount, Severe project delay"
MPLADS_0116,Telangana,District_22,Hospital,170243,1732978,2173769,61,385,Agency_17,Not Started,18.539149,77.97894,1,Normal,0.0592088089357906,55,MEDIUM,"Expenditure exceeds sanctioned amount, Severe project delay"
MPLADS_0117,Andhra Pradesh,District_27,Hospital,3249039,3124126,4093501,58,282,Agency_5,Delayed,14.534775,83.96032,1,Normal,0.0981844590154611,55,MEDIUM,"Expenditure exceeds sanctioned amount, Severe project delay"
MPLADS_0118,Tamil Nadu,District_4,School,1747818,2669222,4846161,48,73,Agency_13,Not Started,8.072811,76.559136,1,Normal,0.050057177987593,30,LOW,Expenditure exceeds sanctioned amount
MPLADS_0119,Andhra Pradesh,District_8,Road,2826374,1985772,1790248,99,354,Agency_8,Delayed,13.972049,76.914911,1,Normal,0.0468983530501266,25,LOW,Severe project delay
MPLADS_0120,Tamil Nadu,District_3,Community Hall,2368620,4618672,2618026,62,214,Agency_5,Delayed,9.016038,78.648775,1,Normal,0.0923745848753768,55,MEDIUM,"Expenditure exceeds sanctioned amount, Severe project delay"
MPLADS_0121,Telangana,District_29,Hospital,3537379,2472952,4805817,86,496,Agency_12,Delayed,17.527841,80.592153,-1,Anomaly,-0.0151001646254677,75,HIGH,"Expenditure exceeds sanctioned amount, Severe project delay, AI detected unusual pattern"
MPLADS_0122,Andhra Pradesh,District_9,Hospital,2610837,3272018,2190019,31,327,Agency_9,Delayed,17.995128,79.468721,1,Normal,0.0995289845673408,60,MEDIUM,"High expenditure, Severe project delay, Low progress with high expenditure"
MPLADS_0123,Kerala,District_29,Community Hall,3724942,1911663,789957,9,475,Agency_3,In Progress,9.393348,75.7872,1,Normal,0.0319458739181438,25,LOW,Severe project delay
MPLADS_0124,Maharashtra,District_2,Drainage,1134309,1101690,1923980,10,22,Agency_3,Not Started,19.436917,74.824928,1,Normal,0.0361556321088797,50,MEDIUM,"Expenditure exceeds sanctioned amount, Low progress with high expenditure"
MPLADS_0125,Karnataka,District_2,Drainage,2479151,2960086,1517394,69,67,Agency_1,Completed,15.869042,75.883294,1,Normal,0.0888203644944855,0,LOW,No major risk detected
MPLADS_0126,Tamil Nadu,District_28,Road,91743,99768,2989845,61,397,Agency_18,Delayed,11.091464,78.031731,1,Normal,0.0076256346456611,55,MEDIUM,"Expenditure exceeds sanctioned amount, Severe project delay"
MPLADS_0127,Kerala,District_13,School,220948,3506000,2722188,46,446,Agency_12,Delayed,9.554542,77.265979,1,Normal,0.0360619984559174,55,MEDIUM,"Expenditure exceeds sanctioned amount, Severe project delay"
MPLADS_0128,Karnataka,District_15,Hospital,3719021,3828271,264265,33,372,Agency_9,Completed,16.845241,74.644521,1,Normal,0.0584745339022932,25,LOW,Severe project delay
MPLADS_0129,Karnataka,District_28,School,551793,2313557,4723797,99,361,Agency_9,Completed,17.579276,76.242184,1,Normal,0.0122141229255361,55,MEDIUM,"Expenditure exceeds sanctioned amount, Severe project delay"
MPLADS_0130,Andhra Pradesh,District_23,Drainage,376284,2150326,920913,100,92,Agency_18,Delayed,18.504045,83.178828,-1,Anomaly,-0.0125430592290269,65,HIGH,"Expenditure exceeds sanctioned amount, Project delay, AI detected unusual pattern"
MPLADS_0131,Karnataka,District_12,Drainage,1880314,167769,2067017,16,320,Agency_18,Completed,14.476495,74.103359,1,Normal,0.0603069266942978,75,HIGH,"Expenditure exceeds sanctioned amount, Severe project delay, Low progress with high expenditure"
MPLADS_0132,Maharashtra,District_26,Drinking Water,3827341,347542,663817,53,323,Agency_7,Completed,17.346403,77.095564,1,Normal,0.0687796673504165,25,LOW,Severe project delay
MPLADS_0133,Kerala,District_4,Road,318508,2576297,1006433,75,383,Agency_4,In Progress,11.114,75.470508,1,Normal,0.044024621916237,55,MEDIUM,"Expenditure exceeds sanctioned amount, Severe project delay"
MPLADS_0134,Karnataka,District_26,Drinking Water,4635315,3331121,2045286,84,62,Agency_13,Completed,12.475493,77.840679,1,Normal,0.052298385224464,10,LOW,High sanctioned amount
MPLADS_0135,Andhra Pradesh,District_8,Drinking Water,1820403,978864,2591505,39,223,Agency_17,Not Started,19.097054,80.95809,1,Normal,0.1038833453381126,75,HIGH,"Expenditure exceeds sanctioned amount, Severe project delay, Low progress with high expenditure"
MPLADS_0136,Maharashtra,District_9,Drinking Water,4421272,4112834,4118949,18,224,Agency_2,Not Started,16.715915,74.860151,1,Normal,0.0522384737532458,70,HIGH,"High expenditure, Severe project delay, Low progress with high expenditure, High sanctioned amount"
MPLADS_0137,Telangana,District_23,Road,4979426,4643321,4886691,66,368,Agency_14,Not Started,15.875402,80.674335,-1,Anomaly,-0.0132618355814512,70,HIGH,"High expenditure, Severe project delay, High sanctioned amount, AI detected unusual pattern"
MPLADS_0138,Kerala,District_5,Road,1326485,981775,4684071,81,345,Agency_3,Delayed,8.741655,76.298943,1,Normal,0.0415958814118969,55,MEDIUM,"Expenditure exceeds sanctioned amount, Severe project delay"
MPLADS_0139,Karnataka,District_24,Community Hall,556995,2516511,4213887,52,336,Agency_5,Not Started,13.418387,76.549219,1,Normal,0.0754661294436416,55,MEDIUM,"Expenditure exceeds sanctioned amount, Severe project delay"
MPLADS_0140,Andhra Pradesh,District_20,School,2235454,3345784,4778979,63,102,Agency_14,In Progress,16.899375,83.420909,1,Normal,0.0599100988807003,45,MEDIUM,"Expenditure exceeds sanctioned amount, Project delay"
MPLADS_0141,Telangana,District_18,School,2122723,3021679,1507850,82,214,Agency_3,Not Started,16.646327,77.241784,1,Normal,0.0990269228035822,25,LOW,Severe project delay
MPLADS_0142,Telangana,District_11,Community Hall,2885743,4184608,4046480,46,191,Agency_7,Delayed,16.361231,80.620071,1,Normal,0.0886323720549957,55,MEDIUM,"Expenditure exceeds sanctioned amount, Severe project delay"
MPLADS_0143,Tamil Nadu,District_15,Community Hall,615635,1298749,956803,5,159,Agency_18,In Progress,12.893784,78.709135,1,Normal,0.0361144907186365,65,HIGH,"Expenditure exceeds sanctioned amount, Project delay, Low progress with high expenditure"
MPLADS_0144,Maharashtra,District_28,Drainage,577409,2649098,3496444,15,371,Agency_13,Not Started,19.50336,78.119804,1,Normal,0.0572048338434615,75,HIGH,"Expenditure exceeds sanctioned amount, Severe project delay, Low progress with high expenditure"
MPLADS_0145,Karnataka,District_22,Drinking Water,2230945,726337,4020088,71,206,Agency_10,In Progress,12.727599,78.206295,1,Normal,0.0835541946791454,55,MEDIUM,"Expenditure exceeds sanctioned amount, Severe project delay"
MPLADS_0146,Andhra Pradesh,District_9,Community Hall,1651028,2073553,2105598,17,268,Agency_13,In Progress,15.363885,79.803422,1,Normal,0.1049394649848093,75,HIGH,"Expenditure exceeds sanctioned amount, Severe project delay, Low progress with high expenditure"
MPLADS_0147,Tamil Nadu,District_17,Hospital,337635,2146419,4883014,51,193,Agency_16,Delayed,10.905939,76.397257,1,Normal,0.0426023612652015,55,MEDIUM,"Expenditure exceeds sanctioned amount, Severe project delay"
MPLADS_0148,Maharashtra,District_27,School,633510,3792918,478298,47,379,Agency_9,Delayed,16.680842,78.725679,1,Normal,0.0477708482245687,25,LOW,Severe project delay
MPLADS_0149,Tamil Nadu,District_26,Community Hall,4772340,4336476,4013031,42,402,Agency_2,In Progress,8.463673,78.733239,1,Normal,0.030611604435589,50,MEDIUM,"High expenditure, Severe project delay, High sanctioned amount"
MPLADS_0150,Kerala,District_12,Hospital,4828972,4915294,4340453,38,151,Agency_5,Not Started,9.328606,75.812169,1,Normal,0.0097103988620355,60,MEDIUM,"High expenditure, Project delay, Low progress with high expenditure, High sanctioned amount"
MPLADS_0151,Maharashtra,District_7,Hospital,4995697,594344,580303,48,236,Agency_17,Delayed,17.476509,75.552084,1,Normal,0.0276766399094821,35,MEDIUM,"Severe project delay, High sanctioned amount"
MPLADS_0152,Maharashtra,District_10,Hospital,3161500,1237030,998651,11,87,Agency_4,In Progress,20.273798,75.06611,1,Normal,0.0580773608830393,0,LOW,No major risk detected
MPLADS_0153,Karnataka,District_25,Drainage,1743481,1154315,3327657,9,10,Agency_17,Completed,15.464832,76.189832,1,Normal,0.0445279357249051,50,MEDIUM,"Expenditure exceeds sanctioned amount, Low progress with high expenditure"
MPLADS_0154,Maharashtra,District_26,Drainage,3111342,98639,4960860,70,186,Agency_9,Completed,19.913863,80.375687,1,Normal,0.0242268374255772,55,MEDIUM,"Expenditure exceeds sanctioned amount, Severe project delay"
MPLADS_0155,Tamil Nadu,District_25,Hospital,650198,2600206,3346640,54,213,Agency_2,Delayed,12.102404,77.10275,1,Normal,0.0976877673237527,55,MEDIUM,"Expenditure exceeds sanctioned amount, Severe project delay"
MPLADS_0156,Maharashtra,District_10,Drainage,447891,646682,4198695,0,14,Agency_18,Not Started,15.80269,74.776792,-1,Anomaly,-0.0349177539811562,70,HIGH,"Expenditure exceeds sanctioned amount, Low progress with high expenditure, AI detected unusual pattern"
MPLADS_0157,Karnataka,District_27,Drinking Water,3131362,4574105,2670891,48,265,Agency_11,Completed,15.665546,74.236559,1,Normal,0.0873182318212345,40,MEDIUM,"High expenditure, Severe project delay"
MPLADS_0158,Karnataka,District_13,Hospital,4744505,2960744,4626167,35,296,Agency_13,Completed,14.974564,76.745477,1,Normal,0.0474714391250895,70,HIGH,"High expenditure, Severe project delay, Low progress with high expenditure, High sanctioned amount"
MPLADS_0159,Kerala,District_19,Drinking Water,3697965,1930164,569119,20,410,Agency_8,Completed,9.737522,76.804372,1,Normal,0.0643114213960325,25,LOW,Severe project delay
MPLADS_0160,Tamil Nadu,District_11,Drinking Water,1091566,4426751,1973957,36,443,Agency_1,Not Started,8.59695,76.515579,1,Normal,0.059296025251417,75,HIGH,"Expenditure exceeds sanctioned amount, Severe project delay, Low progress with high expenditure"
MPLADS_0161,Telangana,District_13,Hospital,3774476,2495738,2352094,23,72,Agency_17,Not Started,18.785574,79.082867,1,Normal,0.0838224965714252,0,LOW,No major risk detected
MPLADS_0162,Telangana,District_21,School,1669282,4919236,2202271,54,51,Agency_12,Delayed,18.62245,78.852344,1,Normal,0.0587906578933853,30,LOW,Expenditure exceeds sanctioned amount
MPLADS_0163,Maharashtra,District_8,Hospital,3484078,430069,2855376,24,127,Agency_4,Delayed,17.201613,79.398549,1,Normal,0.0765305802331285,50,MEDIUM,"High expenditure, Project delay, Low progress with high expenditure"
MPLADS_0164,Kerala,District_8,Hospital,3848196,4248440,3966558,6,27,Agency_13,Completed,11.877313,76.606211,1,Normal,0.0026425719118198,50,MEDIUM,"Expenditure exceeds sanctioned amount, Low progress with high expenditure"
MPLADS_0165,Andhra Pradesh,District_4,Drainage,1885295,2209020,3741570,80,64,Agency_9,Not Started,14.396158,81.480868,1,Normal,0.085812805337815,30,LOW,Expenditure exceeds sanctioned amount
MPLADS_0166,Maharashtra,District_15,Hospital,1120913,2491559,3042362,92,16,Agency_7,In Progress,17.94633,73.360131,1,Normal,0.0354256288628002,30,LOW,Expenditure exceeds sanctioned amount
MPLADS_0167,Kerala,District_28,School,3347466,2965751,1211988,93,350,Agency_5,Completed,12.419642,75.155728,1,Normal,0.0526921099514138,25,LOW,Severe project delay
MPLADS_0168,Tamil Nadu,District_11,Drainage,4491971,160957,1600346,70,427,Agency_5,Delayed,13.321329,78.073224,1,Normal,0.0343369992725074,35,MEDIUM,"Severe project delay, High sanctioned amount"
MPLADS_0169,Tamil Nadu,District_11,Road,4900825,4784071,4444921,96,137,Agency_17,Not Started,9.036744,78.475984,-1,Anomaly,-0.0280954446974064,60,MEDIUM,"High expenditure, Project delay, High sanctioned amount, AI detected unusual pattern"
MPLADS_0170,Tamil Nadu,District_1,Road,937099,4363696,3264449,70,318,Agency_9,Delayed,12.888497,79.275345,1,Normal,0.0817099971951074,55,MEDIUM,"Expenditure exceeds sanctioned amount, Severe project delay"
MPLADS_0171,Tamil Nadu,District_17,Drinking Water,3103407,4904487,615398,23,228,Agency_6,Delayed,12.516742,78.96689,1,Normal,0.0358379092665634,25,LOW,Severe project delay
MPLADS_0172,Tamil Nadu,District_15,Drinking Water,4195295,2927668,4317910,10,253,Agency_19,Not Started,11.876749,79.766622,1,Normal,0.061430131748693,85,CRITICAL,"Expenditure exceeds sanctioned amount, Severe project delay, Low progress with high expenditure, High sanctioned amount"
MPLADS_0173,Kerala,District_20,School,1467231,856017,1597514,72,476,Agency_16,Completed,9.348473,76.072505,1,Normal,0.0514107236336482,55,MEDIUM,"Expenditure exceeds sanctioned amount, Severe project delay"
MPLADS_0174,Kerala,District_6,Community Hall,1581181,3430575,3332918,11,209,Agency_2,Not Started,9.217563,77.367937,1,Normal,0.0882675395832311,75,HIGH,"Expenditure exceeds sanctioned amount, Severe project delay, Low progress with high expenditure"
MPLADS_0175,Karnataka,District_24,Road,457974,911501,4945371,34,430,Agency_10,Completed,18.108415,74.181363,-1,Anomaly,-0.003762583029242,95,CRITICAL,"Expenditure exceeds sanctioned amount, Severe project delay, Low progress with high expenditure, AI detected unusual pattern"
MPLADS_0176,Telangana,District_22,Drinking Water,3654724,4510168,270102,62,293,Agency_16,Delayed,18.692858,80.715944,1,Normal,0.0482627056618603,25,LOW,Severe project delay
MPLADS_0177,Tamil Nadu,District_28,Road,4377552,4525715,157631,67,230,Agency_5,Not Started,9.011222,78.58537,1,Normal,0.0321137487226423,35,MEDIUM,"Severe project delay, High sanctioned amount"
MPLADS_0178,Andhra Pradesh,District_25,School,1201882,1245344,1353054,99,240,Agency_15,In Progress,18.642223,76.974962,1,Normal,0.0342571657897995,55,MEDIUM,"Expenditure exceeds sanctioned amount, Severe project delay"
MPLADS_0179,Kerala,District_15,School,994131,735328,2343697,91,69,Agency_13,Completed,11.408133,75.573107,1,Normal,0.0406903802274231,30,LOW,Expenditure exceeds sanctioned amount
MPLADS_0180,Andhra Pradesh,District_9,Community Hall,2521321,466561,3169016,56,103,Agency_13,In Progress,18.701015,84.565572,1,Normal,0.0884525994009362,45,MEDIUM,"Expenditure exceeds sanctioned amount, Project delay"
MPLADS_0181,Andhra Pradesh,District_14,Community Hall,750270,4295871,1736334,12,203,Agency_13,Completed,18.832159,80.541135,1,Normal,0.0447891011825207,75,HIGH,"Expenditure exceeds sanctioned amount, Severe project delay, Low progress with high expenditure"
MPLADS_0182,Andhra Pradesh,District_18,Drainage,140417,3126263,3363030,22,52,Agency_15,Not Started,18.289481,83.54085,1,Normal,0.0256658153015201,50,MEDIUM,"Expenditure exceeds sanctioned amount, Low progress with high expenditure"
MPLADS_0183,Karnataka,District_26,School,4672942,1819361,1857199,82,461,Agency_14,In Progress,13.733703,77.813011,1,Normal,0.039776929852925,35,MEDIUM,"Severe project delay, High sanctioned amount"
MPLADS_0184,Kerala,District_17,Drinking Water,1110560,4851436,3217443,100,427,Agency_8,Not Started,8.370235,76.350302,-1,Anomaly,-0.0025313408062673,75,HIGH,"Expenditure exceeds sanctioned amount, Severe project delay, AI detected unusual pattern"
MPLADS_0185,Andhra Pradesh,District_18,Road,242458,3810713,1648004,38,374,Agency_11,Completed,14.118058,77.676592,1,Normal,0.0465134612091372,75,HIGH,"Expenditure exceeds sanctioned amount, Severe project delay, Low progress with high expenditure"
MPLADS_0186,Tamil Nadu,District_5,Hospital,4768912,674913,1739187,87,329,Agency_18,Completed,8.430938,79.124413,1,Normal,0.0413036402957071,35,MEDIUM,"Severe project delay, High sanctioned amount"
MPLADS_0187,Maharashtra,District_20,Community Hall,1973782,1571193,3337775,79,53,Agency_4,Completed,17.809187,78.615564,1,Normal,0.0858361980410818,30,LOW,Expenditure exceeds sanctioned amount
MPLADS_0188,Andhra Pradesh,District_20,Hospital,4659409,967999,4471595,96,275,Agency_10,Completed,13.031352,79.253852,1,Normal,0.0157829205644923,50,MEDIUM,"High expenditure, Severe project delay, High sanctioned amount"
MPLADS_0189,Karnataka,District_9,Drinking Water,3946937,2978339,3470096,11,334,Agency_1,Delayed,15.276439,77.637327,1,Normal,0.0764766329653162,60,MEDIUM,"High expenditure, Severe project delay, Low progress with high expenditure"
MPLADS_0190,Kerala,District_11,Community Hall,1458791,2083764,1340363,33,30,Agency_5,Completed,9.666262,76.427318,1,Normal,0.0672671838486815,35,MEDIUM,"High expenditure, Low progress with high expenditure"
MPLADS_0191,Karnataka,District_24,Hospital,2026850,444768,3456839,70,134,Agency_13,In Progress,17.701844,76.832971,1,Normal,0.0782581248586586,45,MEDIUM,"Expenditure exceeds sanctioned amount, Project delay"
MPLADS_0192,Andhra Pradesh,District_22,Drinking Water,4152553,4295576,3123506,74,57,Agency_1,Completed,14.137533,76.897646,1,Normal,0.0494723887077811,10,LOW,High sanctioned amount
MPLADS_0193,Kerala,District_1,Road,3150618,299264,4307839,30,104,Agency_8,Not Started,12.202455,74.8553,1,Normal,0.0529825313809323,65,HIGH,"Expenditure exceeds sanctioned amount, Project delay, Low progress with high expenditure"
MPLADS_0194,Maharashtra,District_18,Drinking Water,2781303,4056622,1571014,92,265,Agency_3,Delayed,21.285561,76.990178,1,Normal,0.072485194072403,25,LOW,Severe project delay
MPLADS_0195,Andhra Pradesh,District_6,Drainage,96250,3874977,4926952,61,9,Agency_3,In Progress,18.797847,83.170144,-1,Anomaly,-0.0273815813948264,50,MEDIUM,"Expenditure exceeds sanctioned amount, AI detected unusual pattern"
MPLADS_0196,Karnataka,District_27,Community Hall,4055194,286538,4787551,12,495,Agency_7,Delayed,18.485539,75.613274,-1,Anomaly,-0.0286648787930905,100,CRITICAL,"Expenditure exceeds sanctioned amount, Severe project delay, Low progress with high expenditure, High sanctioned amount, AI detected unusual pattern"
MPLADS_0197,Telangana,District_2,School,1400850,4759751,4599369,30,252,Agency_4,Delayed,18.945472,78.727337,1,Normal,0.0471898003833908,75,HIGH,"Expenditure exceeds sanctioned amount, Severe project delay, Low progress with high expenditure"
MPLADS_0198,Tamil Nadu,District_15,Road,525147,3659134,2829648,1,294,Agency_3,Delayed,10.687303,78.835523,1,Normal,0.0262169651889924,75,HIGH,"Expenditure exceeds sanctioned amount, Severe project delay, Low progress with high expenditure"
MPLADS_0199,Karnataka,District_29,Hospital,3067193,203706,3267983,14,155,Agency_15,Not Started,17.61574,78.526784,1,Normal,0.0636764574705442,65,HIGH,"Expenditure exceeds sanctioned amount, Project delay, Low progress with high expenditure"
MPLADS_0200,Kerala,District_26,Community Hall,3935850,3390552,3664250,56,157,Agency_8,Delayed,11.734058,75.886194,1,Normal,0.0928754729859146,30,LOW,"High expenditure, Project delay"
MPLADS_0201,Andhra Pradesh,District_21,School,2162368,4998122,761972,74,36,Agency_3,Delayed,15.380956,82.674417,1,Normal,0.0150965175348404,0,LOW,No major risk detected
MPLADS_0202,Tamil Nadu,District_14,Drinking Water,2493445,877150,269427,33,118,Agency_7,Completed,9.337152,76.663991,1,Normal,0.0499165590837671,15,LOW,Project delay
MPLADS_0203,Andhra Pradesh,District_5,School,926336,1836852,3587507,67,66,Agency_18,Not Started,14.940506,79.026636,1,Normal,0.0760497113683743,30,LOW,Expenditure exceeds sanctioned amount
MPLADS_0204,Kerala,District_6,Community Hall,3880415,4586857,3641171,74,241,Agency_11,In Progress,9.563017,75.40738,1,Normal,0.0684295691865143,40,MEDIUM,"High expenditure, Severe project delay"
MPLADS_0205,Andhra Pradesh,District_6,Community Hall,4948107,92137,2249155,28,298,Agency_11,In Progress,12.877815,76.844779,1,Normal,0.0241666717471364,35,MEDIUM,"Severe project delay, High sanctioned amount"
MPLADS_0206,Telangana,District_22,Drainage,4979107,1491945,4986820,65,462,Agency_17,In Progress,19.849662,78.825538,-1,Anomaly,-0.0149562354182608,85,CRITICAL,"Expenditure exceeds sanctioned amount, Severe project delay, High sanctioned amount, AI detected unusual pattern"
MPLADS_0207,Tamil Nadu,District_18,Drainage,2335221,188925,3753185,15,212,Agency_6,Not Started,10.152229,79.054519,1,Normal,0.0640030570720178,75,HIGH,"Expenditure exceeds sanctioned amount, Severe project delay, Low progress with high expenditure"
MPLADS_0208,Tamil Nadu,District_14,School,3560043,2683819,2367681,38,307,Agency_8,In Progress,9.222222,80.189837,1,Normal,0.1096251669083512,25,LOW,Severe project delay
MPLADS_0209,Kerala,District_10,Drinking Water,4358760,3344900,2865825,76,100,Agency_1,Not Started,11.817187,75.032469,1,Normal,0.0811168174435267,25,LOW,"Project delay, High sanctioned amount"
MPLADS_0210,Telangana,District_14,School,3520431,3846098,724261,36,55,Agency_10,Completed,17.512081,80.54065,1,Normal,0.0492164134583286,0,LOW,No major risk detected
MPLADS_0211,Karnataka,District_13,Community Hall,4121867,425233,3780433,80,331,Agency_19,Completed,18.113124,76.150047,1,Normal,0.0644964885892476,50,MEDIUM,"High expenditure, Severe project delay, High sanctioned amount"
MPLADS_0212,Andhra Pradesh,District_3,Community Hall,3962487,3589730,4436111,20,323,Agency_3,Not Started,16.648515,78.052975,1,Normal,0.0679654958639687,75,HIGH,"Expenditure exceeds sanctioned amount, Severe project delay, Low progress with high expenditure"
MPLADS_0213,Maharashtra,District_6,Hospital,1468060,2610272,34363,43,238,Agency_4,In Progress,22.042596,74.522875,1,Normal,0.0570854527838455,25,LOW,Severe project delay
MPLADS_0214,Andhra Pradesh,District_29,Drainage,4278087,1784635,404798,18,392,Agency_11,Not Started,18.82203,81.962138,1,Normal,0.0512878412212073,35,MEDIUM,"Severe project delay, High sanctioned amount"
MPLADS_0215,Andhra Pradesh,District_8,Hospital,4278456,2007792,2055990,70,230,Agency_15,Not Started,16.611063,80.852777,1,Normal,0.0951311504661695,35,MEDIUM,"Severe project delay, High sanctioned amount"
MPLADS_0216,Karnataka,District_12,Road,4689022,274062,1395049,7,361,Agency_1,Delayed,13.114689,74.812029,1,Normal,0.0135974037310708,35,MEDIUM,"Severe project delay, High sanctioned amount"
MPLADS_0217,Andhra Pradesh,District_13,Community Hall,198725,2205138,2108772,76,380,Agency_9,Not Started,14.055209,78.21015,1,Normal,0.0546081834884109,55,MEDIUM,"Expenditure exceeds sanctioned amount, Severe project delay"
MPLADS_0218,Telangana,District_11,Hospital,541215,481978,1508447,100,91,Agency_11,Delayed,18.996296,78.530476,-1,Anomaly,-0.0160247545612403,65,HIGH,"Expenditure exceeds sanctioned amount, Project delay, AI detected unusual pattern"
MPLADS_0219,Telangana,District_12,School,2318693,3552646,3251147,65,278,Agency_19,Completed,16.037155,80.88259,1,Normal,0.111802292888172,55,MEDIUM,"Expenditure exceeds sanctioned amount, Severe project delay"
MPLADS_0220,Tamil Nadu,District_1,Drainage,3974152,3941865,4897198,40,446,Agency_13,Delayed,12.949201,80.09656,1,Normal,0.0253470260621883,55,MEDIUM,"Expenditure exceeds sanctioned amount, Severe project delay"
MPLADS_0221,Kerala,District_17,Drainage,958017,4200579,1555288,74,108,Agency_16,Not Started,12.776576,75.252128,1,Normal,0.0568591028180336,45,MEDIUM,"Expenditure exceeds sanctioned amount, Project delay"
MPLADS_0222,Maharashtra,District_16,Drinking Water,371898,1203891,4112622,87,316,Agency_4,Completed,18.175573,78.893379,1,Normal,0.0419510847054801,55,MEDIUM,"Expenditure exceeds sanctioned amount, Severe project delay"
MPLADS_0223,Andhra Pradesh,District_11,School,735338,752214,1605123,69,167,Agency_1,Delayed,17.193736,77.946557,1,Normal,0.063639921182675,45,MEDIUM,"Expenditure exceeds sanctioned amount, Project delay"
MPLADS_0224,Andhra Pradesh,District_13,Drinking Water,3552415,1810143,4224959,60,299,Agency_13,Not Started,17.984499,78.517969,1,Normal,0.0964114645487331,55,MEDIUM,"Expenditure exceeds sanctioned amount, Severe project delay"
MPLADS_0225,Karnataka,District_18,Hospital,104745,275687,2009085,25,469,Agency_1,Completed,13.066723,76.470082,-1,Anomaly,-0.0092551069929409,95,CRITICAL,"Expenditure exceeds sanctioned amount, Severe project delay, Low progress with high expenditure, AI detected unusual pattern"
MPLADS_0226,Kerala,District_11,Road,1733032,2989701,959133,70,407,Agency_5,Delayed,10.927524,76.308224,1,Normal,0.0849045458000676,25,LOW,Severe project delay
MPLADS_0227,Telangana,District_28,School,4882577,2292365,460400,82,434,Agency_5,Not Started,16.175096,80.534351,1,Normal,0.0116533769405057,35,MEDIUM,"Severe project delay, High sanctioned amount"
MPLADS_0228,Maharashtra,District_12,School,2168219,2811856,4870774,69,441,Agency_14,Not Started,17.3264,73.674974,1,Normal,0.0425234037806672,55,MEDIUM,"Expenditure exceeds sanctioned amount, Severe project delay"
MPLADS_0229,Tamil Nadu,District_6,School,2198185,2121088,4079305,28,217,Agency_14,In Progress,12.976989,80.213736,1,Normal,0.0993717265999695,75,HIGH,"Expenditure exceeds sanctioned amount, Severe project delay, Low progress with high expenditure"
MPLADS_0230,Telangana,District_9,Drinking Water,95256,2163048,1401538,65,221,Agency_8,In Progress,19.334723,80.276161,1,Normal,0.04137995524336,55,MEDIUM,"Expenditure exceeds sanctioned amount, Severe project delay"
MPLADS_0231,Kerala,District_16,Hospital,552264,79813,4117560,18,160,Agency_4,Delayed,11.214113,76.232229,1,Normal,0.0233168855472748,65,HIGH,"Expenditure exceeds sanctioned amount, Project delay, Low progress with high expenditure"
MPLADS_0232,Tamil Nadu,District_4,School,3396145,3261407,181236,67,15,Agency_7,Delayed,8.487126,77.915503,1,Normal,0.0150079548953768,0,LOW,No major risk detected
MPLADS_0233,Karnataka,District_3,School,989695,4910345,3020129,57,277,Agency_19,Delayed,14.10882,75.194867,1,Normal,0.0732421702415365,55,MEDIUM,"Expenditure exceeds sanctioned amount, Severe project delay"
MPLADS_0234,Karnataka,District_28,Drainage,2233955,3985388,99743,69,496,Agency_15,Not Started,16.563941,76.281028,1,Normal,0.0011673528262567,25,LOW,Severe project delay
MPLADS_0235,Andhra Pradesh,District_16,Road,1302390,323541,4652179,56,56,Agency_4,Delayed,13.134905,78.483484,1,Normal,0.0223581048182544,30,LOW,Expenditure exceeds sanctioned amount
MPLADS_0236,Kerala,District_24,Drainage,2265995,3799199,4122924,36,61,Agency_19,Not Started,11.34299,74.99794,1,Normal,0.072914918672177,50,MEDIUM,"Expenditure exceeds sanctioned amount, Low progress with high expenditure"
MPLADS_0237,Maharashtra,District_27,Drainage,529809,1665181,1965206,60,497,Agency_9,Delayed,21.132845,76.709716,1,Normal,0.0299414832198758,55,MEDIUM,"Expenditure exceeds sanctioned amount, Severe project delay"
MPLADS_0238,Tamil Nadu,District_26,Road,2700432,3374714,4098077,91,362,Agency_13,Not Started,10.691285,78.688113,1,Normal,0.0660950721737603,55,MEDIUM,"Expenditure exceeds sanctioned amount, Severe project delay"
MPLADS_0239,Telangana,District_25,Hospital,4225282,4084649,1148422,29,465,Agency_14,Not Started,19.181192,78.521675,1,Normal,0.0296914405304736,35,MEDIUM,"Severe project delay, High sanctioned amount"
MPLADS_0240,Kerala,District_12,Drainage,3567847,3188893,768795,70,326,Agency_14,In Progress,11.318874,76.270903,1,Normal,0.0816534905516378,25,LOW,Severe project delay
MPLADS_0241,Kerala,District_11,Hospital,1817413,3896342,1774688,72,241,Agency_10,Completed,9.42833,77.084438,1,Normal,0.1081321567978279,40,MEDIUM,"High expenditure, Severe project delay"
MPLADS_0242,Karnataka,District_5,Drainage,4388586,1400816,2967817,24,89,Agency_16,Not Started,17.081982,77.028878,1,Normal,0.0737032457980345,10,LOW,High sanctioned amount
MPLADS_0243,Andhra Pradesh,District_25,Community Hall,2623697,2463081,2714489,96,71,Agency_5,Delayed,18.213839,83.725083,1,Normal,0.0575566792695347,30,LOW,Expenditure exceeds sanctioned amount
MPLADS_0244,Andhra Pradesh,District_18,Road,3650952,820348,249647,64,325,Agency_6,In Progress,17.275196,83.479808,1,Normal,0.0542958319602896,25,LOW,Severe project delay
MPLADS_0245,Tamil Nadu,District_19,Drainage,2021277,2871058,4494266,5,29,Agency_2,Delayed,11.90584,79.056591,1,Normal,0.0141435425877073,50,MEDIUM,"Expenditure exceeds sanctioned amount, Low progress with high expenditure"
MPLADS_0246,Karnataka,District_23,Community Hall,994740,2087171,4103776,17,358,Agency_13,Delayed,15.83028,77.462497,1,Normal,0.0686255637094618,75,HIGH,"Expenditure exceeds sanctioned amount, Severe project delay, Low progress with high expenditure"
MPLADS_0247,Kerala,District_23,Drinking Water,3096555,508819,4524153,9,406,Agency_13,Not Started,8.929583,77.090264,1,Normal,0.0286303671176896,75,HIGH,"Expenditure exceeds sanctioned amount, Severe project delay, Low progress with high expenditure"
MPLADS_0248,Maharashtra,District_6,Community Hall,1246311,1258060,4748696,91,287,Agency_19,Not Started,21.266983,72.842752,1,Normal,0.0411280832688835,55,MEDIUM,"Expenditure exceeds sanctioned amount, Severe project delay"
MPLADS_0249,Karnataka,District_22,School,4494041,494874,4590784,10,85,Agency_18,Completed,17.280717,74.592801,1,Normal,0.0074412449419675,60,MEDIUM,"Expenditure exceeds sanctioned amount, Low progress with high expenditure, High sanctioned amount"
MPLADS_0250,Tamil Nadu,District_18,Drainage,192157,3978683,3807920,96,233,Agency_19,Not Started,9.876666,79.322735,1,Normal,0.0077986300048429,55,MEDIUM,"Expenditure exceeds sanctioned amount, Severe project delay"
MPLADS_0251,Tamil Nadu,District_26,Community Hall,2337319,2158701,3782515,64,234,Agency_1,Not Started,8.900255,79.635462,1,Normal,0.1087439949780134,55,MEDIUM,"Expenditure exceeds sanctioned amount, Severe project delay"
MPLADS_0252,Karnataka,District_6,Hospital,4838109,3660160,2952609,76,312,Agency_8,Completed,17.324939,76.334352,1,Normal,0.0652489638940868,35,MEDIUM,"Severe project delay, High sanctioned amount"
MPLADS_0253,Tamil Nadu,District_4,Drinking Water,1512603,2104048,1810200,100,364,Agency_16,Delayed,8.035761,77.40556,1,Normal,0.0481787850490406,55,MEDIUM,"Expenditure exceeds sanctioned amount, Severe project delay"
MPLADS_0254,Karnataka,District_12,Drainage,1325029,1113692,434632,83,264,Agency_2,Completed,15.818488,78.513456,1,Normal,0.0548207602639448,25,LOW,Severe project delay
MPLADS_0255,Telangana,District_19,School,3070791,4788637,1582732,64,286,Agency_8,Completed,18.390435,78.187254,1,Normal,0.0743108578075692,25,LOW,Severe project delay
MPLADS_0256,Karnataka,District_29,Community Hall,186645,993831,1950593,51,326,Agency_6,Completed,15.93804,76.483933,1,Normal,0.049624503238432,55,MEDIUM,"Expenditure exceeds sanctioned amount, Severe project delay"
MPLADS_0257,Karnataka,District_27,Drinking Water,1702131,4280013,1519837,66,392,Agency_16,In Progress,16.958918,74.492111,1,Normal,0.0857313326470411,40,MEDIUM,"High expenditure, Severe project delay"
MPLADS_0258,Tamil Nadu,District_29,Drainage,1236837,3124795,2750855,81,268,Agency_11,Delayed,12.261756,78.47332,1,Normal,0.0935762208017578,55,MEDIUM,"Expenditure exceeds sanctioned amount, Severe project delay"
MPLADS_0259,Tamil Nadu,District_2,Drinking Water,392221,1780841,1501625,77,185,Agency_17,In Progress,13.392755,77.635863,1,Normal,0.0688705492047562,55,MEDIUM,"Expenditure exceeds sanctioned amount, Severe project delay"
MPLADS_0260,Andhra Pradesh,District_17,School,2485919,3923691,3350444,30,130,Agency_19,In Progress,16.775304,84.249428,1,Normal,0.1028540355674787,65,HIGH,"Expenditure exceeds sanctioned amount, Project delay, Low progress with high expenditure"
MPLADS_0261,Andhra Pradesh,District_11,Community Hall,1229580,4473471,3760222,90,290,Agency_11,Not Started,13.276564,84.291551,1,Normal,0.0636381729509381,55,MEDIUM,"Expenditure exceeds sanctioned amount, Severe project delay"
MPLADS_0262,Telangana,District_11,Drinking Water,103687,4101939,1390188,16,480,Agency_8,Completed,18.620331,77.457781,-1,Anomaly,-0.013243377881232,95,CRITICAL,"Expenditure exceeds sanctioned amount, Severe project delay, Low progress with high expenditure, AI detected unusual pattern"
MPLADS_0263,Andhra Pradesh,District_21,Drinking Water,2540272,4549367,3137555,54,276,Agency_4,Completed,14.58636,82.436194,1,Normal,0.0944465985891189,55,MEDIUM,"Expenditure exceeds sanctioned amount, Severe project delay"
MPLADS_0264,Karnataka,District_16,Road,2679137,919953,3070465,92,319,Agency_11,In Progress,11.971454,76.677984,1,Normal,0.0708379201900115,55,MEDIUM,"Expenditure exceeds sanctioned amount, Severe project delay"
MPLADS_0265,Tamil Nadu,District_2,Drinking Water,4848757,2633273,3179451,35,350,Agency_8,Not Started,9.936945,78.807845,1,Normal,0.0683183835906141,35,MEDIUM,"Severe project delay, High sanctioned amount"
MPLADS_0266,Andhra Pradesh,District_2,Road,3925010,3148056,2828767,100,179,Agency_9,Not Started,12.901897,83.759448,1,Normal,0.0446170031096033,15,LOW,Project delay
MPLADS_0267,Andhra Pradesh,District_23,Community Hall,4826415,2366374,3876610,25,289,Agency_2,Not Started,19.025027,84.547911,1,Normal,0.0588179399693943,70,HIGH,"High expenditure, Severe project delay, Low progress with high expenditure, High sanctioned amount"
MPLADS_0268,Telangana,District_8,Drainage,2089660,763806,1472333,52,479,Agency_16,Delayed,18.873573,77.694328,1,Normal,0.0603000754945882,25,LOW,Severe project delay
MPLADS_0269,Kerala,District_13,Drainage,2069450,4243616,580217,16,376,Agency_6,In Progress,11.688011,74.863926,1,Normal,0.0489162313803361,25,LOW,Severe project delay
MPLADS_0270,Telangana,District_10,Community Hall,4750858,3489187,133199,85,162,Agency_19,Delayed,15.890707,78.429719,1,Normal,0.0124809310871183,25,LOW,"Project delay, High sanctioned amount"
MPLADS_0271,Karnataka,District_8,Community Hall,2021140,2807506,2138825,24,270,Agency_8,Not Started,14.920502,77.543874,1,Normal,0.1080334238595224,75,HIGH,"Expenditure exceeds sanctioned amount, Severe project delay, Low progress with high expenditure"
MPLADS_0272,Tamil Nadu,District_4,Hospital,3911607,800774,434190,1,375,Agency_14,Not Started,11.826454,78.072791,1,Normal,0.0183813748482301,25,LOW,Severe project delay
MPLADS_0273,Telangana,District_15,Community Hall,3578434,3407963,3482696,85,95,Agency_16,Not Started,16.921869,80.989073,1,Normal,0.0714400194079071,30,LOW,"High expenditure, Project delay"
MPLADS_0274,Andhra Pradesh,District_1,Drinking Water,4174390,974993,2130677,4,261,Agency_12,Completed,15.412797,80.356235,1,Normal,0.05408396224538,35,MEDIUM,"Severe project delay, High sanctioned amount"
MPLADS_0275,Tamil Nadu,District_11,Drainage,2706222,403791,2689244,3,364,Agency_5,In Progress,8.916293,79.5382,1,Normal,0.0505352260984356,60,MEDIUM,"High expenditure, Severe project delay, Low progress with high expenditure"
MPLADS_0276,Tamil Nadu,District_7,School,1177109,3490227,3232989,35,468,Agency_19,Completed,11.88462,77.127232,1,Normal,0.0605684585945552,75,HIGH,"Expenditure exceeds sanctioned amount, Severe project delay, Low progress with high expenditure"
MPLADS_0277,Andhra Pradesh,District_17,Drainage,4484315,1434525,4961904,5,352,Agency_18,Delayed,13.143715,82.212044,1,Normal,0.0071621884189729,85,CRITICAL,"Expenditure exceeds sanctioned amount, Severe project delay, Low progress with high expenditure, High sanctioned amount"
MPLADS_0278,Telangana,District_27,Road,1603744,3567778,2607979,20,287,Agency_9,Completed,18.483496,78.238386,1,Normal,0.1011805079181933,75,HIGH,"Expenditure exceeds sanctioned amount, Severe project delay, Low progress with high expenditure"
MPLADS_0279,Andhra Pradesh,District_20,Drainage,4316988,166220,2026307,76,435,Agency_2,In Progress,18.8757,77.923569,1,Normal,0.0419806860222963,35,MEDIUM,"Severe project delay, High sanctioned amount"
MPLADS_0280,Kerala,District_24,Hospital,1838220,271421,3971643,100,82,Agency_12,Completed,10.18874,77.253401,1,Normal,0.004729998287863,30,LOW,Expenditure exceeds sanctioned amount
MPLADS_0281,Tamil Nadu,District_18,Community Hall,4061718,399317,2114417,88,224,Agency_2,Not Started,10.350473,78.881809,1,Normal,0.0618514170635533,35,MEDIUM,"Severe project delay, High sanctioned amount"
MPLADS_0282,Maharashtra,District_22,Community Hall,4063582,3971087,819195,25,411,Agency_10,Delayed,18.184364,74.875986,1,Normal,0.0526778458262651,35,MEDIUM,"Severe project delay, High sanctioned amount"
MPLADS_0283,Maharashtra,District_29,Drainage,2922875,2977971,4220037,54,222,Agency_1,Delayed,21.995855,75.997472,1,Normal,0.0994757592575684,55,MEDIUM,"Expenditure exceeds sanctioned amount, Severe project delay"
MPLADS_0284,Karnataka,District_22,School,1880288,1082469,908628,38,468,Agency_4,Not Started,17.758694,75.057791,1,Normal,0.0559170272397444,25,LOW,Severe project delay
MPLADS_0285,Andhra Pradesh,District_12,School,1891646,3198817,3771054,83,117,Agency_12,Not Started,14.006491,76.952186,1,Normal,0.0879805257691394,45,MEDIUM,"Expenditure exceeds sanctioned amount, Project delay"
MPLADS_0286,Andhra Pradesh,District_9,Hospital,4019579,1381379,2406716,32,481,Agency_9,Not Started,16.901001,79.685063,1,Normal,0.0599661610907935,35,MEDIUM,"Severe project delay, High sanctioned amount"
MPLADS_0287,Karnataka,District_5,Road,1646246,3708997,2565517,13,191,Agency_4,In Progress,17.550508,76.176766,1,Normal,0.0948787682150292,75,HIGH,"Expenditure exceeds sanctioned amount, Severe project delay, Low progress with high expenditure"
MPLADS_0288,Karnataka,District_10,Drainage,1869239,4591490,1079634,55,78,Agency_9,Completed,18.277354,74.853417,1,Normal,0.0583176273883699,0,LOW,No major risk detected
MPLADS_0289,Karnataka,District_4,Community Hall,4955727,1467191,2353453,99,77,Agency_6,Delayed,17.580362,77.572346,-1,Anomaly,-0.008054495149119,30,LOW,"High sanctioned amount, AI detected unusual pattern"
MPLADS_0290,Tamil Nadu,District_5,Drainage,2300618,3397526,1355649,80,146,Agency_1,Completed,12.317162,79.74809,1,Normal,0.0892111834826533,15,LOW,Project delay
MPLADS_0291,Kerala,District_28,Hospital,4478622,3527983,1011675,20,106,Agency_10,Not Started,11.70071,76.428173,1,Normal,0.0517529261038157,25,LOW,"Project delay, High sanctioned amount"
MPLADS_0292,Andhra Pradesh,District_28,Drinking Water,2519930,4481407,2067244,45,381,Agency_14,Not Started,13.466216,76.963462,1,Normal,0.07909178820942,40,MEDIUM,"High expenditure, Severe project delay"
MPLADS_0293,Tamil Nadu,District_10,Drinking Water,181936,739925,2717929,15,270,Agency_18,Completed,13.156748,78.789931,1,Normal,0.0332552720784246,75,HIGH,"Expenditure exceeds sanctioned amount, Severe project delay, Low progress with high expenditure"
MPLADS_0294,Karnataka,District_11,Hospital,2029746,2236394,3858444,15,389,Agency_6,Delayed,17.075761,76.215003,1,Normal,0.0800430024181161,75,HIGH,"Expenditure exceeds sanctioned amount, Severe project delay, Low progress with high expenditure"
MPLADS_0295,Andhra Pradesh,District_21,Community Hall,4892256,1097146,2184749,83,243,Agency_18,In Progress,13.374234,77.714005,1,Normal,0.0530674966622266,35,MEDIUM,"Severe project delay, High sanctioned amount"
MPLADS_0296,Tamil Nadu,District_24,Hospital,2519970,1252532,3152536,28,72,Agency_16,Completed,11.839166,78.007285,1,Normal,0.0960387000232303,50,MEDIUM,"Expenditure exceeds sanctioned amount, Low progress with high expenditure"
MPLADS_0297,Kerala,District_10,Community Hall,1346573,2731478,1851049,91,356,Agency_15,Not Started,9.122414,76.078146,1,Normal,0.0852484210140611,55,MEDIUM,"Expenditure exceeds sanctioned amount, Severe project delay"
MPLADS_0298,Tamil Nadu,District_28,School,3585647,3043220,4282513,7,467,Agency_16,Not Started,8.35957,78.64428,1,Normal,0.0261210437536223,75,HIGH,"Expenditure exceeds sanctioned amount, Severe project delay, Low progress with high expenditure"
MPLADS_0299,Kerala,District_8,Hospital,2628682,810330,3938125,87,353,Agency_8,In Progress,9.43737,76.873654,1,Normal,0.0688613276089729,55,MEDIUM,"Expenditure exceeds sanctioned amount, Severe project delay"
MPLADS_0300,Karnataka,District_2,Community Hall,1554900,2982878,4135186,2,421,Agency_13,Completed,13.672534,76.094013,1,Normal,0.0380102894217782,75,HIGH,"Expenditure exceeds sanctioned amount, Severe project delay, Low progress with high expenditure"
MPLADS_0301,Kerala,District_23,Hospital,3440664,2880527,3348669,88,25,Agency_11,In Progress,8.253454,74.988362,1,Normal,0.0442040465632763,15,LOW,High expenditure
MPLADS_0302,Andhra Pradesh,District_8,Hospital,1671788,872564,3832147,18,209,Agency_7,In Progress,15.190457,80.587505,1,Normal,0.0830451410721279,75,HIGH,"Expenditure exceeds sanctioned amount, Severe project delay, Low progress with high expenditure"
MPLADS_0303,Karnataka,District_16,Community Hall,4654229,2445406,634152,96,91,Agency_17,Delayed,15.700144,75.341648,1,Normal,0.0093957826698445,25,LOW,"Project delay, High sanctioned amount"
MPLADS_0304,Andhra Pradesh,District_27,Community Hall,241896,3521888,2255772,65,124,Agency_18,Delayed,17.18688,83.666991,1,Normal,0.0607459595090619,45,MEDIUM,"Expenditure exceeds sanctioned amount, Project delay"
MPLADS_0305,Maharashtra,District_22,Road,4657765,2193385,4370866,78,434,Agency_19,Not Started,20.669031,72.928836,1,Normal,0.0313771372163586,50,MEDIUM,"High expenditure, Severe project delay, High sanctioned amount"
MPLADS_0306,Telangana,District_5,Hospital,1133329,2118884,2314310,85,72,Agency_13,Completed,17.770078,77.598735,1,Normal,0.0786820220521529,30,LOW,Expenditure exceeds sanctioned amount
MPLADS_0307,Kerala,District_27,Drinking Water,2430612,2598600,986264,73,479,Agency_15,Delayed,9.313407,77.365323,1,Normal,0.0479665200046063,25,LOW,Severe project delay
MPLADS_0308,Telangana,District_25,Hospital,283979,4993114,4103569,81,122,Agency_1,Not Started,16.384232,79.095775,1,Normal,0.0035556795199876,45,MEDIUM,"Expenditure exceeds sanctioned amount, Project delay"
MPLADS_0309,Telangana,District_29,Hospital,4853290,2253463,4490757,21,308,Agency_16,Completed,18.334439,79.869367,1,Normal,0.0440539524494879,70,HIGH,"High expenditure, Severe project delay, Low progress with high expenditure, High sanctioned amount"
MPLADS_0310,Kerala,District_3,Community Hall,328104,3754425,3938094,45,183,Agency_5,Not Started,10.774384,74.825404,1,Normal,0.0650535442053346,55,MEDIUM,"Expenditure exceeds sanctioned amount, Severe project delay"
MPLADS_0311,Karnataka,District_12,Hospital,2048547,3966247,2975483,90,186,Agency_3,Delayed,13.785229,76.381474,1,Normal,0.0786659321057239,55,MEDIUM,"Expenditure exceeds sanctioned amount, Severe project delay"
MPLADS_0312,Maharashtra,District_13,Drainage,4094630,2035404,4429713,12,197,Agency_10,Not Started,16.171132,75.510204,1,Normal,0.0566982749896585,85,CRITICAL,"Expenditure exceeds sanctioned amount, Severe project delay, Low progress with high expenditure, High sanctioned amount"
MPLADS_0313,Andhra Pradesh,District_13,Hospital,4175279,2176861,2800353,32,77,Agency_19,Completed,12.819141,77.336486,1,Normal,0.0776714401852968,10,LOW,High sanctioned amount
MPLADS_0314,Tamil Nadu,District_10,Drainage,4841882,3829337,4943229,4,347,Agency_5,Completed,10.22277,76.757406,-1,Anomaly,-0.0081737764378614,100,CRITICAL,"Expenditure exceeds sanctioned amount, Severe project delay, Low progress with high expenditure, High sanctioned amount, AI detected unusual pattern"
MPLADS_0315,Andhra Pradesh,District_4,Drinking Water,4379454,2101723,3071316,89,185,Agency_7,Not Started,16.34577,82.284666,1,Normal,0.0754446585514857,35,MEDIUM,"Severe project delay, High sanctioned amount"
MPLADS_0316,Tamil Nadu,District_9,Community Hall,1045893,1098939,2475849,76,343,Agency_14,Completed,12.483286,77.040631,1,Normal,0.0860753505718695,55,MEDIUM,"Expenditure exceeds sanctioned amount, Severe project delay"
MPLADS_0317,Andhra Pradesh,District_22,Hospital,3246247,3992518,2943865,26,252,Agency_3,Not Started,13.705385,77.547,1,Normal,0.0934267666179813,60,MEDIUM,"High expenditure, Severe project delay, Low progress with high expenditure"
MPLADS_0318,Kerala,District_24,Drainage,1889050,4739133,592314,77,12,Agency_13,Completed,11.127579,76.636837,1,Normal,0.0157740505019364,0,LOW,No major risk detected
MPLADS_0319,Maharashtra,District_23,Drainage,2720492,4228465,3851185,23,298,Agency_13,Not Started,15.80531,80.370562,1,Normal,0.082404328489522,75,HIGH,"Expenditure exceeds sanctioned amount, Severe project delay, Low progress with high expenditure"
MPLADS_0320,Tamil Nadu,District_27,Drainage,2505257,446456,2515700,66,75,Agency_10,Not Started,8.291039,78.473445,1,Normal,0.0839234313134973,30,LOW,Expenditure exceeds sanctioned amount
MPLADS_0321,Karnataka,District_2,School,3027299,948704,155693,62,50,Agency_2,Not Started,16.463424,78.006458,1,Normal,0.0374116027001246,0,LOW,No major risk detected
MPLADS_0322,Andhra Pradesh,District_19,Road,2984317,3811090,1659734,93,274,Agency_6,In Progress,17.312974,83.193997,1,Normal,0.0727580983298079,25,LOW,Severe project delay
MPLADS_0323,Andhra Pradesh,District_1,Drinking Water,4016914,225037,3698190,98,148,Agency_8,Completed,14.840371,83.300083,1,Normal,0.0184398052937062,40,MEDIUM,"High expenditure, Project delay, High sanctioned amount"
MPLADS_0324,Tamil Nadu,District_25,Hospital,3353481,4452910,920789,47,218,Agency_4,Delayed,8.448643,79.95823,1,Normal,0.0658147379799125,25,LOW,Severe project delay
MPLADS_0325,Karnataka,District_29,School,4587454,2926262,895621,62,121,Agency_12,Not Started,15.333147,77.75957,1,Normal,0.0668939822306352,25,LOW,"Project delay, High sanctioned amount"
MPLADS_0326,Karnataka,District_7,Hospital,1596064,4232531,4503122,77,210,Agency_15,In Progress,14.666228,76.960457,1,Normal,0.0705078929183468,55,MEDIUM,"Expenditure exceeds sanctioned amount, Severe project delay"
MPLADS_0327,Kerala,District_17,Hospital,3290641,3321593,571548,11,279,Agency_8,Delayed,10.621452,76.702133,1,Normal,0.0572932947342811,25,LOW,Severe project delay
MPLADS_0328,Kerala,District_3,Community Hall,2765548,1079516,714824,27,25,Agency_7,Not Started,8.575498,74.956915,1,Normal,0.0396993402971551,0,LOW,No major risk detected
MPLADS_0329,Kerala,District_20,Community Hall,829091,1746609,1842500,43,172,Agency_14,Delayed,9.336675,75.214816,1,Normal,0.09477273103381,45,MEDIUM,"Expenditure exceeds sanctioned amount, Project delay"
MPLADS_0330,Kerala,District_20,Community Hall,2416789,3619769,4389845,92,155,Agency_19,In Progress,12.210204,75.369956,1,Normal,0.0596764659371437,45,MEDIUM,"Expenditure exceeds sanctioned amount, Project delay"
MPLADS_0331,Kerala,District_21,School,2216791,3659684,1713728,42,237,Agency_14,Delayed,12.68898,75.675929,1,Normal,0.1089083676615375,25,LOW,Severe project delay
MPLADS_0332,Kerala,District_3,Hospital,3427180,78885,4772315,16,375,Agency_13,Not Started,9.037742,76.853216,1,Normal,0.0100672052737263,75,HIGH,"Expenditure exceeds sanctioned amount, Severe project delay, Low progress with high expenditure"
MPLADS_0333,Maharashtra,District_3,Road,1756930,4640723,3387136,39,81,Agency_1,Delayed,19.881601,76.735024,1,Normal,0.0740345399165885,50,MEDIUM,"Expenditure exceeds sanctioned amount, Low progress with high expenditure"
MPLADS_0334,Karnataka,District_17,Drinking Water,1014795,2862753,478451,48,491,Agency_19,Delayed,15.387545,77.308328,1,Normal,0.0260290854079493,25,LOW,Severe project delay
MPLADS_0335,Kerala,District_7,Community Hall,2633236,4639764,3397841,84,355,Agency_1,Not Started,9.250892,77.390468,1,Normal,0.0614473105141113,55,MEDIUM,"Expenditure exceeds sanctioned amount, Severe project delay"
MPLADS_0336,Karnataka,District_27,Community Hall,1628458,4604770,3232026,56,489,Agency_4,In Progress,18.323552,76.991498,1,Normal,0.0400398462630748,55,MEDIUM,"Expenditure exceeds sanctioned amount, Severe project delay"
MPLADS_0337,Karnataka,District_26,Hospital,1859771,3179985,4787830,86,412,Agency_10,In Progress,12.896797,77.12905,1,Normal,0.0427518383778584,55,MEDIUM,"Expenditure exceeds sanctioned amount, Severe project delay"
MPLADS_0338,Telangana,District_14,Hospital,319515,1429339,269425,83,272,Agency_3,Delayed,16.096013,77.31648,1,Normal,0.0219394409270679,40,MEDIUM,"High expenditure, Severe project delay"
MPLADS_0339,Maharashtra,District_17,School,1670179,2168736,520609,63,67,Agency_9,Completed,17.274939,76.439771,1,Normal,0.068470149833552,0,LOW,No major risk detected
MPLADS_0340,Kerala,District_18,School,3847267,1893529,4504893,74,43,Agency_3,Delayed,12.194054,76.69064,1,Normal,0.0450060392096757,30,LOW,Expenditure exceeds sanctioned amount
MPLADS_0341,Andhra Pradesh,District_13,Community Hall,721986,869973,4913467,56,492,Agency_6,Completed,17.501863,80.146496,-1,Anomaly,-0.0163258126998262,75,HIGH,"Expenditure exceeds sanctioned amount, Severe project delay, AI detected unusual pattern"
MPLADS_0342,Tamil Nadu,District_20,Hospital,2384482,2700503,2103333,97,60,Agency_6,Delayed,9.937236,77.758363,1,Normal,0.0461218564327184,15,LOW,High expenditure
MPLADS_0343,Andhra Pradesh,District_29,Road,3071786,1168844,640458,73,122,Agency_12,In Progress,19.118487,77.024884,1,Normal,0.070936742434864,15,LOW,Project delay
MPLADS_0344,Maharashtra,District_20,Drinking Water,187900,2927746,1978093,73,348,Agency_1,Delayed,21.235705,77.403006,1,Normal,0.0536616558387057,55,MEDIUM,"Expenditure exceeds sanctioned amount, Severe project delay"
MPLADS_0345,Tamil Nadu,District_21,Hospital,4563962,3846234,2454913,69,195,Agency_16,Delayed,10.456246,79.246082,1,Normal,0.0871112876944512,35,MEDIUM,"Severe project delay, High sanctioned amount"
MPLADS_0346,Maharashtra,District_27,Hospital,4744668,1478926,3797132,99,329,Agency_5,Completed,18.763348,79.849413,1,Normal,0.0120762570900254,50,MEDIUM,"High expenditure, Severe project delay, High sanctioned amount"
MPLADS_0347,Karnataka,District_18,Drainage,1334283,3944142,3819821,87,408,Agency_9,In Progress,17.804913,75.939916,1,Normal,0.0614366011842731,55,MEDIUM,"Expenditure exceeds sanctioned amount, Severe project delay"
MPLADS_0348,Tamil Nadu,District_4,School,3868971,3366363,805911,75,478,Agency_10,Completed,9.550236,78.687871,1,Normal,0.0279318511409788,25,LOW,Severe project delay
MPLADS_0349,Karnataka,District_1,Drinking Water,1553061,1507913,4803953,42,322,Agency_13,Delayed,17.886543,74.969046,1,Normal,0.0560784437555352,55,MEDIUM,"Expenditure exceeds sanctioned amount, Severe project delay"
MPLADS_0350,Andhra Pradesh,District_18,Community Hall,563066,2017754,1735240,22,110,Agency_15,Not Started,16.711579,81.815638,1,Normal,0.0654068150602912,65,HIGH,"Expenditure exceeds sanctioned amount, Project delay, Low progress with high expenditure"
MPLADS_0351,Andhra Pradesh,District_1,Hospital,4058146,1296729,438910,26,257,Agency_12,Delayed,17.438546,77.765698,1,Normal,0.061725707510308,35,MEDIUM,"Severe project delay, High sanctioned amount"
MPLADS_0352,Tamil Nadu,District_26,Community Hall,2411331,2831652,3279960,57,88,Agency_5,Delayed,12.00862,80.017937,1,Normal,0.097298588020365,30,LOW,Expenditure exceeds sanctioned amount
MPLADS_0353,Tamil Nadu,District_26,Hospital,1208343,2141219,4047746,36,432,Agency_5,Completed,9.006225,77.197682,1,Normal,0.075566283486087,75,HIGH,"Expenditure exceeds sanctioned amount, Severe project delay, Low progress with high expenditure"
MPLADS_0354,Kerala,District_13,Community Hall,2581113,1038167,91171,5,197,Agency_18,Not Started,12.668417,75.27054,1,Normal,0.0097725139242055,25,LOW,Severe project delay
MPLADS_0355,Maharashtra,District_20,Drinking Water,591529,4267635,2483447,64,281,Agency_12,Not Started,21.153503,76.685906,1,Normal,0.0725043734566763,55,MEDIUM,"Expenditure exceeds sanctioned amount, Severe project delay"
MPLADS_0356,Kerala,District_20,School,2724415,4267308,2193448,5,199,Agency_3,Completed,9.337263,77.06395,1,Normal,0.0607991020327327,60,MEDIUM,"High expenditure, Severe project delay, Low progress with high expenditure"
MPLADS_0357,Maharashtra,District_23,Drinking Water,4398530,3434169,1199138,49,98,Agency_7,In Progress,18.494484,76.872984,1,Normal,0.0600039225379155,25,LOW,"Project delay, High sanctioned amount"
MPLADS_0358,Kerala,District_10,Drainage,2203548,3052827,2259476,21,26,Agency_17,Not Started,9.852473,76.341672,1,Normal,0.0711207312173598,50,MEDIUM,"Expenditure exceeds sanctioned amount, Low progress with high expenditure"
MPLADS_0359,Karnataka,District_27,Road,1591019,3599436,2769374,87,88,Agency_19,Not Started,12.644667,75.798975,1,Normal,0.0808348878131177,30,LOW,Expenditure exceeds sanctioned amount
MPLADS_0360,Tamil Nadu,District_11,School,168920,498013,1462242,24,145,Agency_18,Completed,13.428709,77.28416,1,Normal,0.0200914403517239,65,HIGH,"Expenditure exceeds sanctioned amount, Project delay, Low progress with high expenditure"
MPLADS_0361,Andhra Pradesh,District_9,Drinking Water,456547,2336319,3473894,78,181,Agency_1,In Progress,16.934462,79.33404,1,Normal,0.0817707400481034,55,MEDIUM,"Expenditure exceeds sanctioned amount, Severe project delay"
MPLADS_0362,Maharashtra,District_9,Drainage,1709090,981253,793258,89,256,Agency_5,In Progress,20.627575,73.686251,1,Normal,0.0611461395816366,25,LOW,Severe project delay
MPLADS_0363,Maharashtra,District_5,Road,1707583,1894053,1906999,71,188,Agency_2,Delayed,21.903837,76.366453,1,Normal,0.1145699807712276,55,MEDIUM,"Expenditure exceeds sanctioned amount, Severe project delay"
MPLADS_0364,Andhra Pradesh,District_26,Drainage,113014,592955,2862889,50,239,Agency_1,Delayed,14.157933,77.295324,1,Normal,0.0320437622408162,55,MEDIUM,"Expenditure exceeds sanctioned amount, Severe project delay"
MPLADS_0365,Kerala,District_1,Hospital,3759362,3600227,1370573,87,358,Agency_7,Completed,8.980886,76.151412,1,Normal,0.0658861232896132,25,LOW,Severe project delay
MPLADS_0366,Maharashtra,District_17,Hospital,1285382,3357735,1887887,47,386,Agency_11,In Progress,17.790521,79.479732,1,Normal,0.0935625296245162,55,MEDIUM,"Expenditure exceeds sanctioned amount, Severe project delay"
MPLADS_0367,Karnataka,District_22,Community Hall,4582889,4841126,1771201,69,195,Agency_11,Completed,14.516213,75.144086,1,Normal,0.0511140811322632,35,MEDIUM,"Severe project delay, High sanctioned amount"
MPLADS_0368,Tamil Nadu,District_2,School,3241849,1848278,2347180,98,296,Agency_18,Delayed,11.456012,79.168464,1,Normal,0.0639213833621337,25,LOW,Severe project delay
MPLADS_0369,Andhra Pradesh,District_24,Hospital,3932506,3358424,3495862,64,164,Agency_17,Completed,13.702477,78.057716,1,Normal,0.099274866384619,30,LOW,"High expenditure, Project delay"
MPLADS_0370,Tamil Nadu,District_13,Drainage,2469493,423145,1410507,59,306,Agency_2,Completed,8.20536,79.292888,1,Normal,0.0890993588858201,25,LOW,Severe project delay
MPLADS_0371,Maharashtra,District_9,School,406778,3504373,4245040,45,270,Agency_7,Not Started,19.914729,76.539436,1,Normal,0.0694013511985913,55,MEDIUM,"Expenditure exceeds sanctioned amount, Severe project delay"
MPLADS_0372,Maharashtra,District_29,Hospital,1347682,2103413,4413428,35,7,Agency_7,Not Started,21.087108,79.287062,1,Normal,0.0311927610615438,50,MEDIUM,"Expenditure exceeds sanctioned amount, Low progress with high expenditure"
MPLADS_0373,Andhra Pradesh,District_4,Community Hall,3182293,735611,2574462,57,37,Agency_10,Not Started,16.463339,83.732997,1,Normal,0.0685555676572615,15,LOW,High expenditure
MPLADS_0374,Karnataka,District_5,Drinking Water,1591037,1707387,2767398,75,113,Agency_3,Delayed,12.940888,74.51483,1,Normal,0.1056115833907783,45,MEDIUM,"Expenditure exceeds sanctioned amount, Project delay"
MPLADS_0375,Telangana,District_11,Community Hall,4082371,2841241,398742,37,338,Agency_12,Completed,16.905973,77.41693,1,Normal,0.0656161804793168,35,MEDIUM,"Severe project delay, High sanctioned amount"
MPLADS_0376,Andhra Pradesh,District_24,Road,4904501,2687174,2331945,10,55,Agency_3,Not Started,16.105719,84.286506,1,Normal,0.0286527433322706,10,LOW,High sanctioned amount
MPLADS_0377,Telangana,District_19,Hospital,2652352,1270985,652911,11,430,Agency_11,Not Started,15.961309,77.664018,1,Normal,0.044898793079347,25,LOW,Severe project delay
MPLADS_0378,Kerala,District_21,Road,1581817,3629269,686935,41,473,Agency_12,Not Started,10.280116,77.228075,1,Normal,0.0453572199848876,25,LOW,Severe project delay
MPLADS_0379,Telangana,District_3,Road,2065074,395744,1695124,38,358,Agency_4,Delayed,17.09624,79.127492,1,Normal,0.0776822716588924,60,MEDIUM,"High expenditure, Severe project delay, Low progress with high expenditure"
MPLADS_0380,Karnataka,District_12,Drainage,4770058,2078594,3133305,70,137,Agency_16,Delayed,11.79101,74.682379,1,Normal,0.0707870417830117,25,LOW,"Project delay, High sanctioned amount"
MPLADS_0381,Kerala,District_26,School,4012931,1893441,4637163,10,101,Agency_18,Completed,12.738499,77.309309,1,Normal,0.0332834838753915,75,HIGH,"Expenditure exceeds sanctioned amount, Project delay, Low progress with high expenditure, High sanctioned amount"
MPLADS_0382,Telangana,District_19,Drainage,4590334,2654325,4083332,35,333,Agency_4,Completed,15.820254,80.816885,1,Normal,0.0732467608891124,70,HIGH,"High expenditure, Severe project delay, Low progress with high expenditure, High sanctioned amount"
MPLADS_0383,Kerala,District_19,Hospital,1852502,2811623,411072,51,176,Agency_6,Completed,11.139952,77.056588,1,Normal,0.0861979313115695,15,LOW,Project delay
MPLADS_0384,Telangana,District_13,Road,1512538,1726850,2105637,30,168,Agency_15,Not Started,17.664433,79.159265,1,Normal,0.1054048341526135,65,HIGH,"Expenditure exceeds sanctioned amount, Project delay, Low progress with high expenditure"
MPLADS_0385,Karnataka,District_28,Drinking Water,2076819,3833799,2798302,32,338,Agency_1,In Progress,14.921926,77.067576,1,Normal,0.1001774459322112,75,HIGH,"Expenditure exceeds sanctioned amount, Severe project delay, Low progress with high expenditure"
MPLADS_0386,Telangana,District_7,Road,2124520,1906759,966010,12,285,Agency_3,Delayed,16.37257,77.3139,1,Normal,0.0847913935937223,25,LOW,Severe project delay
MPLADS_0387,Telangana,District_15,Drinking Water,2482665,3936932,3531302,17,260,Agency_5,Not Started,17.062513,79.877787,1,Normal,0.0915911485929981,75,HIGH,"Expenditure exceeds sanctioned amount, Severe project delay, Low progress with high expenditure"
MPLADS_0388,Telangana,District_23,Drainage,3984053,482184,753264,40,374,Agency_17,Not Started,16.627599,79.759043,1,Normal,0.0638364045153496,25,LOW,Severe project delay
MPLADS_0389,Andhra Pradesh,District_7,Drainage,782722,1259725,4869633,57,222,Agency_14,Completed,19.00142,77.460596,1,Normal,0.046459702646587,55,MEDIUM,"Expenditure exceeds sanctioned amount, Severe project delay"
MPLADS_0390,Andhra Pradesh,District_26,School,1841396,2386806,4478852,55,198,Agency_9,Completed,17.039174,80.294377,1,Normal,0.0976566233972638,55,MEDIUM,"Expenditure exceeds sanctioned amount, Severe project delay"
MPLADS_0391,Andhra Pradesh,District_8,Road,1250847,4672295,3921372,23,210,Agency_3,Not Started,18.329739,78.134913,1,Normal,0.0651659181705265,75,HIGH,"Expenditure exceeds sanctioned amount, Severe project delay, Low progress with high expenditure"
MPLADS_0392,Karnataka,District_5,Community Hall,1084104,3384944,429503,72,286,Agency_13,Delayed,16.348382,77.85533,1,Normal,0.0660222936905604,25,LOW,Severe project delay
MPLADS_0393,Kerala,District_21,Drainage,2500700,2958087,3189888,30,179,Agency_3,Delayed,12.545225,76.576445,1,Normal,0.1141830685273254,65,HIGH,"Expenditure exceeds sanctioned amount, Project delay, Low progress with high expenditure"
MPLADS_0394,Maharashtra,District_14,Drainage,3925416,708139,168253,54,249,Agency_11,Not Started,18.831636,77.728132,1,Normal,0.0475025302976597,25,LOW,Severe project delay
MPLADS_0395,Telangana,District_4,School,4068293,3020424,679745,9,230,Agency_2,In Progress,19.36251,79.368317,1,Normal,0.0575865267482197,35,MEDIUM,"Severe project delay, High sanctioned amount"
MPLADS_0396,Telangana,District_23,Drinking Water,1266053,4155513,3221369,59,471,Agency_15,In Progress,15.924587,80.737605,1,Normal,0.049454382508377,55,MEDIUM,"Expenditure exceeds sanctioned amount, Severe project delay"
MPLADS_0397,Karnataka,District_10,School,4151599,4367293,1669537,1,481,Agency_13,Delayed,16.326687,77.111962,-1,Anomaly,-0.0181747622000806,55,MEDIUM,"Severe project delay, High sanctioned amount, AI detected unusual pattern"
MPLADS_0398,Telangana,District_20,Road,1744000,4520697,1289898,14,22,Agency_19,Completed,16.684268,79.703765,1,Normal,0.0245019635279173,20,LOW,Low progress with high expenditure
MPLADS_0399,Andhra Pradesh,District_15,Hospital,1440598,3111481,2374840,2,47,Agency_16,In Progress,15.199505,81.974987,1,Normal,0.0473574819953602,50,MEDIUM,"Expenditure exceeds sanctioned amount, Low progress with high expenditure"
MPLADS_0400,Maharashtra,District_18,Hospital,4596925,2781801,781143,42,108,Agency_18,In Progress,16.292855,78.060116,1,Normal,0.0587468598496633,25,LOW,"Project delay, High sanctioned amount"
MPLADS_0401,Tamil Nadu,District_20,Drinking Water,2619849,349850,3916377,30,295,Agency_7,Completed,13.596717,76.402491,1,Normal,0.0776098636417932,75,HIGH,"Expenditure exceeds sanctioned amount, Severe project delay, Low progress with high expenditure"
MPLADS_0402,Telangana,District_13,Drainage,781658,4001382,4500998,69,5,Agency_13,In Progress,19.806414,78.74625,1,Normal,0.0142605872890969,30,LOW,Expenditure exceeds sanctioned amount
MPLADS_0403,Andhra Pradesh,District_29,Drinking Water,3846315,91139,3995853,66,37,Agency_4,Not Started,18.346973,83.037322,1,Normal,0.0311693221065554,30,LOW,Expenditure exceeds sanctioned amount
MPLADS_0404,Tamil Nadu,District_8,Drainage,4929797,4883511,1471433,55,168,Agency_9,In Progress,11.175291,79.301487,1,Normal,0.0237686197672966,25,LOW,"Project delay, High sanctioned amount"
MPLADS_0405,Maharashtra,District_9,Drainage,3825702,821965,3358549,62,355,Agency_10,Completed,21.310351,75.954365,1,Normal,0.0890153447215674,40,MEDIUM,"High expenditure, Severe project delay"
MPLADS_0406,Tamil Nadu,District_16,Hospital,4140284,353446,1336325,74,282,Agency_9,Not Started,9.831386,79.003892,1,Normal,0.0699300294992095,35,MEDIUM,"Severe project delay, High sanctioned amount"
MPLADS_0407,Andhra Pradesh,District_19,Drinking Water,2449771,3421484,4700693,14,202,Agency_7,In Progress,17.931783,82.87451,1,Normal,0.0571770703166694,75,HIGH,"Expenditure exceeds sanctioned amount, Severe project delay, Low progress with high expenditure"
MPLADS_0408,Kerala,District_16,School,2505918,1448558,2157865,91,324,Agency_15,Delayed,11.869943,75.932517,1,Normal,0.0893459147530416,40,MEDIUM,"High expenditure, Severe project delay"
MPLADS_0409,Kerala,District_7,Drainage,3855721,1035663,2952050,9,312,Agency_8,Not Started,11.962037,75.112544,1,Normal,0.0705281177100765,45,MEDIUM,"Severe project delay, Low progress with high expenditure"
MPLADS_0410,Tamil Nadu,District_14,Community Hall,2416304,2811158,1586845,37,272,Agency_19,Not Started,11.049139,76.224186,1,Normal,0.1090737037481521,25,LOW,Severe project delay
MPLADS_0411,Karnataka,District_28,Community Hall,360435,1767479,998722,46,243,Agency_11,Delayed,13.772101,75.685723,1,Normal,0.0656863510358956,55,MEDIUM,"Expenditure exceeds sanctioned amount, Severe project delay"
MPLADS_0412,Tamil Nadu,District_14,School,208477,1848432,2047398,56,326,Agency_5,Delayed,10.218567,79.120962,1,Normal,0.0649698515004714,55,MEDIUM,"Expenditure exceeds sanctioned amount, Severe project delay"
MPLADS_0413,Telangana,District_25,Community Hall,2445682,1095716,3537110,49,474,Agency_2,In Progress,17.393088,78.905036,1,Normal,0.0573792329619698,55,MEDIUM,"Expenditure exceeds sanctioned amount, Severe project delay"
MPLADS_0414,Telangana,District_27,Road,3780370,3873873,4299639,70,46,Agency_10,In Progress,16.773931,78.618357,1,Normal,0.0507063717241049,30,LOW,Expenditure exceeds sanctioned amount
MPLADS_0415,Kerala,District_4,Drainage,2487839,3011937,1075560,14,248,Agency_16,Completed,9.24544,74.990309,1,Normal,0.0833167909333224,25,LOW,Severe project delay
MPLADS_0416,Karnataka,District_26,School,3738173,4144638,2764036,17,78,Agency_13,Completed,15.72414,77.073779,1,Normal,0.0593803378461301,20,LOW,Low progress with high expenditure
MPLADS_0417,Andhra Pradesh,District_15,Drinking Water,1396652,2985012,101656,81,109,Agency_8,Not Started,16.688636,80.454302,1,Normal,0.0354835696695179,15,LOW,Project delay
MPLADS_0418,Telangana,District_3,Drainage,3978685,3743793,2172766,87,12,Agency_9,Delayed,17.357122,80.480668,1,Normal,0.0222471731040141,0,LOW,No major risk detected
MPLADS_0419,Kerala,District_5,School,2030407,2170700,363153,1,394,Agency_11,Delayed,10.587776,76.045873,1,Normal,0.0227902616652628,25,LOW,Severe project delay
MPLADS_0420,Maharashtra,District_1,Hospital,3327746,2603589,3463708,83,379,Agency_11,Completed,15.766673,75.432357,1,Normal,0.0714724655646973,55,MEDIUM,"Expenditure exceeds sanctioned amount, Severe project delay"
MPLADS_0421,Kerala,District_3,Drinking Water,851125,1748413,4139977,97,364,Agency_16,Not Started,9.9489,75.836939,1,Normal,0.0348090352624466,55,MEDIUM,"Expenditure exceeds sanctioned amount, Severe project delay"
MPLADS_0422,Telangana,District_15,Hospital,2436537,2581069,4111153,42,89,Agency_10,Not Started,18.178707,79.22769,1,Normal,0.0890477041115016,30,LOW,Expenditure exceeds sanctioned amount
MPLADS_0423,Telangana,District_24,Drainage,3048778,4688807,997938,25,341,Agency_12,Completed,18.292411,80.106556,1,Normal,0.0501917070759312,25,LOW,Severe project delay
MPLADS_0424,Kerala,District_27,Drinking Water,2743695,187799,992014,70,347,Agency_6,Completed,11.939734,76.66712,1,Normal,0.0576806394442838,25,LOW,Severe project delay
MPLADS_0425,Andhra Pradesh,District_8,Community Hall,1818693,231789,3811065,37,279,Agency_12,Completed,18.906456,76.847684,1,Normal,0.0734341912790754,75,HIGH,"Expenditure exceeds sanctioned amount, Severe project delay, Low progress with high expenditure"
MPLADS_0426,Tamil Nadu,District_29,School,2041161,3867780,872839,93,220,Agency_10,In Progress,9.096357,76.231764,1,Normal,0.0605141224019794,25,LOW,Severe project delay
MPLADS_0427,Telangana,District_4,Drainage,3912949,4220163,1692245,41,72,Agency_18,Not Started,18.454646,80.612516,1,Normal,0.0561225624838861,0,LOW,No major risk detected
MPLADS_0428,Kerala,District_2,Road,1360015,4678656,1074367,4,233,Agency_18,Not Started,9.320019,77.21029,1,Normal,0.0261705572273076,45,MEDIUM,"Severe project delay, Low progress with high expenditure"
MPLADS_0429,Kerala,District_29,Drinking Water,3906600,852009,1116623,10,259,Agency_4,Not Started,8.47723,77.229534,1,Normal,0.0561215983432054,25,LOW,Severe project delay
MPLADS_0430,Karnataka,District_24,Drinking Water,4563257,4356080,244898,64,112,Agency_9,Completed,13.961359,74.466536,1,Normal,0.0255451248140421,25,LOW,"Project delay, High sanctioned amount"
MPLADS_0431,Tamil Nadu,District_24,Drainage,151894,262803,471122,33,45,Agency_7,Completed,10.720882,77.278462,-1,Anomaly,-0.0226363209648432,70,HIGH,"Expenditure exceeds sanctioned amount, Low progress with high expenditure, AI detected unusual pattern"
MPLADS_0432,Maharashtra,District_10,Drainage,1458277,2305913,685025,0,273,Agency_18,Completed,17.451674,75.150507,1,Normal,0.0369718958769587,25,LOW,Severe project delay
MPLADS_0433,Andhra Pradesh,District_4,Hospital,2583200,2504244,4274550,82,42,Agency_8,Completed,17.899971,81.067206,1,Normal,0.0563959369840857,30,LOW,Expenditure exceeds sanctioned amount
MPLADS_0434,Maharashtra,District_3,Community Hall,1654592,4265645,4119683,1,207,Agency_11,Delayed,17.6235,77.66577,1,Normal,0.0332747093234357,75,HIGH,"Expenditure exceeds sanctioned amount, Severe project delay, Low progress with high expenditure"
MPLADS_0435,Tamil Nadu,District_2,Hospital,4524024,1304329,1615752,84,416,Agency_7,Completed,12.010444,77.345021,1,Normal,0.045517683862155,35,MEDIUM,"Severe project delay, High sanctioned amount"
MPLADS_0436,Tamil Nadu,District_25,Hospital,3617945,2920581,3293549,19,348,Agency_9,In Progress,10.315875,76.711922,1,Normal,0.0928160475593468,60,MEDIUM,"High expenditure, Severe project delay, Low progress with high expenditure"
MPLADS_0437,Tamil Nadu,District_17,Community Hall,3716569,3544679,4775123,60,102,Agency_8,Delayed,9.014436,79.060695,1,Normal,0.0496436276968995,45,MEDIUM,"Expenditure exceeds sanctioned amount, Project delay"
MPLADS_0438,Maharashtra,District_23,Road,3279112,128840,817040,86,123,Agency_3,Delayed,16.779349,76.958856,1,Normal,0.034310935992361,15,LOW,Project delay
MPLADS_0439,Tamil Nadu,District_21,Hospital,1098966,211297,4142443,20,9,Agency_17,Completed,11.970659,76.648883,1,Normal,0.0037167119774795,50,MEDIUM,"Expenditure exceeds sanctioned amount, Low progress with high expenditure"
MPLADS_0440,Kerala,District_24,Hospital,4650549,3019656,2453292,87,328,Agency_2,Not Started,10.809636,75.467063,1,Normal,0.0621932526809151,35,MEDIUM,"Severe project delay, High sanctioned amount"
MPLADS_0441,Maharashtra,District_20,Drinking Water,4266794,1981375,3652891,67,186,Agency_15,Completed,21.859025,76.613429,1,Normal,0.0893553832114751,50,MEDIUM,"High expenditure, Severe project delay, High sanctioned amount"
MPLADS_0442,Tamil Nadu,District_23,Community Hall,882307,4293460,2164828,11,30,Agency_14,Not Started,12.513558,78.510951,1,Normal,0.0243860121104664,50,MEDIUM,"Expenditure exceeds sanctioned amount, Low progress with high expenditure"
MPLADS_0443,Kerala,District_13,School,2139632,2355433,3603345,21,155,Agency_18,Completed,8.399698,76.446194,1,Normal,0.0970094275325179,65,HIGH,"Expenditure exceeds sanctioned amount, Project delay, Low progress with high expenditure"
MPLADS_0444,Karnataka,District_5,Road,1890875,4270242,1043388,19,59,Agency_16,Completed,18.159823,76.767414,1,Normal,0.0488603477412784,0,LOW,No major risk detected
MPLADS_0445,Tamil Nadu,District_21,Road,4849412,2137001,2794975,81,248,Agency_4,Not Started,12.587458,79.913667,1,Normal,0.0696222365762042,35,MEDIUM,"Severe project delay, High sanctioned amount"
MPLADS_0446,Maharashtra,District_9,Community Hall,2418417,2731722,3093362,0,386,Agency_6,Not Started,17.082519,74.359972,1,Normal,0.0555106518957648,75,HIGH,"Expenditure exceeds sanctioned amount, Severe project delay, Low progress with high expenditure"
MPLADS_0447,Telangana,District_25,Drainage,4245843,3505673,461989,29,373,Agency_6,Not Started,18.305022,78.761908,1,Normal,0.0565377105563733,35,MEDIUM,"Severe project delay, High sanctioned amount"
MPLADS_0448,Tamil Nadu,District_29,Drainage,3605971,4646985,829555,96,438,Agency_11,Not Started,12.703223,79.980097,-1,Anomaly,-0.0092811548993501,45,MEDIUM,"Severe project delay, AI detected unusual pattern"
MPLADS_0449,Telangana,District_25,Drinking Water,4056389,1781530,4869382,23,269,Agency_17,In Progress,17.249028,78.100108,1,Normal,0.0451020351086638,85,CRITICAL,"Expenditure exceeds sanctioned amount, Severe project delay, Low progress with high expenditure, High sanctioned amount"
MPLADS_0450,Kerala,District_28,Drinking Water,362579,3462635,4922301,13,441,Agency_3,Not Started,11.790417,75.514496,-1,Anomaly,-0.0110295934135736,95,CRITICAL,"Expenditure exceeds sanctioned amount, Severe project delay, Low progress with high expenditure, AI detected unusual pattern"
MPLADS_0451,Karnataka,District_22,Community Hall,4123542,191900,3087026,35,216,Agency_13,Completed,17.2583,75.949196,1,Normal,0.0676655542637426,55,MEDIUM,"Severe project delay, Low progress with high expenditure, High sanctioned amount"
MPLADS_0452,Andhra Pradesh,District_6,Drinking Water,1613825,3423694,2154751,68,398,Agency_3,Completed,17.005829,77.473836,1,Normal,0.0976776881782953,55,MEDIUM,"Expenditure exceeds sanctioned amount, Severe project delay"
MPLADS_0453,Karnataka,District_5,Road,3568920,4027497,158469,74,1,Agency_16,In Progress,15.867015,76.078131,-1,Anomaly,-0.00187133069132,20,LOW,AI detected unusual pattern
MPLADS_0454,Tamil Nadu,District_25,Road,4078604,718875,2347422,23,23,Agency_15,Not Started,11.285007,76.90566,1,Normal,0.0420865402057164,10,LOW,High sanctioned amount
MPLADS_0455,Telangana,District_10,School,3527794,4840287,4180555,59,205,Agency_11,Completed,18.821182,80.478629,1,Normal,0.0580595396177512,55,MEDIUM,"Expenditure exceeds sanctioned amount, Severe project delay"
MPLADS_0456,Telangana,District_8,Drainage,1574631,303078,526394,94,319,Agency_18,In Progress,16.688633,77.563715,1,Normal,0.0095779015424394,25,LOW,Severe project delay
MPLADS_0457,Maharashtra,District_7,Community Hall,1241890,418893,3784159,54,495,Agency_15,Completed,15.753651,77.928363,1,Normal,0.022048762823194,55,MEDIUM,"Expenditure exceeds sanctioned amount, Severe project delay"
MPLADS_0458,Telangana,District_7,Hospital,2395251,3151883,2100825,76,198,Agency_5,In Progress,18.289086,79.27745,1,Normal,0.110217713518145,40,MEDIUM,"High expenditure, Severe project delay"
MPLADS_0459,Maharashtra,District_6,Drainage,2942531,765295,530112,79,355,Agency_16,In Progress,17.107656,75.84452,1,Normal,0.0653287613558017,25,LOW,Severe project delay
MPLADS_0460,Kerala,District_21,Hospital,2873978,1928798,3300303,23,113,Agency_16,Delayed,10.934591,76.091594,1,Normal,0.1045911930673492,65,HIGH,"Expenditure exceeds sanctioned amount, Project delay, Low progress with high expenditure"
MPLADS_0461,Andhra Pradesh,District_29,School,4233583,4050740,2714114,76,279,Agency_17,Delayed,19.119384,77.805162,1,Normal,0.0779935836647988,35,MEDIUM,"Severe project delay, High sanctioned amount"
MPLADS_0462,Tamil Nadu,District_20,School,956395,1042652,2656785,23,154,Agency_9,Not Started,11.89281,77.898139,1,Normal,0.080093232756626,65,HIGH,"Expenditure exceeds sanctioned amount, Project delay, Low progress with high expenditure"
MPLADS_0463,Maharashtra,District_3,Drinking Water,3878239,1104212,2428853,53,164,Agency_3,Delayed,18.383297,78.556061,1,Normal,0.1011905894136843,15,LOW,Project delay
MPLADS_0464,Andhra Pradesh,District_19,School,4580734,2408730,3089710,25,485,Agency_13,In Progress,17.170079,84.729174,1,Normal,0.037574716361022,35,MEDIUM,"Severe project delay, High sanctioned amount"
MPLADS_0465,Telangana,District_22,School,3473994,3535001,542249,65,221,Agency_3,Completed,16.326417,77.595617,1,Normal,0.0814825845833229,25,LOW,Severe project delay
MPLADS_0466,Telangana,District_15,Hospital,4907018,2130563,4394077,79,90,Agency_7,Completed,18.769789,79.39787,1,Normal,0.028461309139469,25,LOW,"High expenditure, High sanctioned amount"
MPLADS_0467,Andhra Pradesh,District_4,Drinking Water,1994606,2018972,4547112,37,166,Agency_6,Not Started,14.40946,77.343297,1,Normal,0.0803597291951936,65,HIGH,"Expenditure exceeds sanctioned amount, Project delay, Low progress with high expenditure"
MPLADS_0468,Telangana,District_28,School,4855028,333816,1139775,64,446,Agency_9,Delayed,16.151199,80.597925,1,Normal,0.0096577983911416,35,MEDIUM,"Severe project delay, High sanctioned amount"
MPLADS_0469,Kerala,District_12,Drainage,2357600,1890820,2206916,74,206,Agency_12,Not Started,9.08259,75.640766,1,Normal,0.1165878641276131,40,MEDIUM,"High expenditure, Severe project delay"
MPLADS_0470,Kerala,District_6,School,1020278,4765697,1180933,50,281,Agency_15,In Progress,9.242619,75.72299,1,Normal,0.0661367114380419,55,MEDIUM,"Expenditure exceeds sanctioned amount, Severe project delay"
MPLADS_0471,Andhra Pradesh,District_19,Drinking Water,545919,2726073,1401449,34,64,Agency_3,Delayed,13.058197,80.904384,1,Normal,0.0517868673977366,50,MEDIUM,"Expenditure exceeds sanctioned amount, Low progress with high expenditure"
MPLADS_0472,Maharashtra,District_4,Community Hall,3331837,2727374,2528929,42,375,Agency_10,Not Started,16.039482,79.242959,1,Normal,0.0979614926932972,25,LOW,Severe project delay
MPLADS_0473,Maharashtra,District_15,Drinking Water,2998134,2774903,3002933,28,3,Agency_1,Completed,17.119129,77.082099,1,Normal,0.0589642611590771,50,MEDIUM,"Expenditure exceeds sanctioned amount, Low progress with high expenditure"
MPLADS_0474,Andhra Pradesh,District_9,Hospital,2359608,175851,869734,36,156,Agency_19,Completed,18.408522,81.972107,1,Normal,0.0585290567887754,15,LOW,Project delay
MPLADS_0475,Maharashtra,District_5,Community Hall,1397203,2700527,1677832,80,248,Agency_19,Not Started,19.064226,75.29197,1,Normal,0.1029709094721792,55,MEDIUM,"Expenditure exceeds sanctioned amount, Severe project delay"
MPLADS_0476,Maharashtra,District_13,Drainage,516589,4911282,2267728,57,256,Agency_13,Not Started,17.764512,78.156742,1,Normal,0.0543499600340264,55,MEDIUM,"Expenditure exceeds sanctioned amount, Severe project delay"
MPLADS_0477,Kerala,District_23,Road,2443365,844878,1882154,53,234,Agency_12,Not Started,12.773041,76.520782,1,Normal,0.0998744170480754,25,LOW,Severe project delay
MPLADS_0478,Maharashtra,District_26,Drinking Water,1237018,2103262,2717834,38,305,Agency_1,In Progress,19.225592,78.664399,1,Normal,0.1129749805259345,75,HIGH,"Expenditure exceeds sanctioned amount, Severe project delay, Low progress with high expenditure"
MPLADS_0479,Karnataka,District_18,Hospital,1742737,1987135,923605,41,365,Agency_19,In Progress,14.756439,74.276655,1,Normal,0.0907192848045863,25,LOW,Severe project delay
MPLADS_0480,Tamil Nadu,District_5,Drainage,2317357,2458163,3019526,27,469,Agency_16,Completed,11.148862,80.222026,1,Normal,0.0741612468276138,75,HIGH,"Expenditure exceeds sanctioned amount, Severe project delay, Low progress with high expenditure"
MPLADS_0481,Telangana,District_25,Community Hall,1849971,2591396,1520399,28,394,Agency_15,In Progress,16.518742,79.822019,1,Normal,0.0910578371862283,60,MEDIUM,"High expenditure, Severe project delay, Low progress with high expenditure"
MPLADS_0482,Karnataka,District_16,Drainage,1194337,276179,26939,42,73,Agency_16,In Progress,12.906536,76.464807,1,Normal,0.0059886965498249,0,LOW,No major risk detected
MPLADS_0483,Maharashtra,District_27,Drinking Water,1474473,2122171,2551083,2,186,Agency_11,Delayed,16.228397,76.338079,1,Normal,0.0729611613851445,75,HIGH,"Expenditure exceeds sanctioned amount, Severe project delay, Low progress with high expenditure"
MPLADS_0484,Kerala,District_19,School,3300428,3698444,4510908,9,61,Agency_6,In Progress,11.678351,75.703686,1,Normal,0.025655879127622,50,MEDIUM,"Expenditure exceeds sanctioned amount, Low progress with high expenditure"
MPLADS_0485,Andhra Pradesh,District_14,Drinking Water,3632334,4594340,2042656,58,336,Agency_11,Delayed,16.988417,83.143145,1,Normal,0.0745755850436936,25,LOW,Severe project delay
MPLADS_0486,Maharashtra,District_25,Road,623881,2529340,4075011,13,163,Agency_3,In Progress,21.626656,74.547529,1,Normal,0.0540168362699222,65,HIGH,"Expenditure exceeds sanctioned amount, Project delay, Low progress with high expenditure"
MPLADS_0487,Kerala,District_16,Drinking Water,1068454,1250346,3299986,75,55,Agency_15,Completed,10.036853,75.196282,1,Normal,0.0741291651801223,30,LOW,Expenditure exceeds sanctioned amount
MPLADS_0488,Tamil Nadu,District_27,Community Hall,3928551,535287,1277403,46,110,Agency_1,Not Started,13.557908,80.093404,1,Normal,0.0751345069892328,15,LOW,Project delay
MPLADS_0489,Maharashtra,District_15,Community Hall,4885925,4033820,1325777,41,217,Agency_7,Completed,19.109721,79.588876,1,Normal,0.0447007463784737,35,MEDIUM,"Severe project delay, High sanctioned amount"
MPLADS_0490,Andhra Pradesh,District_22,Drinking Water,3351394,4017610,4354109,93,239,Agency_1,In Progress,16.038323,81.751044,1,Normal,0.052685420603895,55,MEDIUM,"Expenditure exceeds sanctioned amount, Severe project delay"
MPLADS_0491,Kerala,District_4,Community Hall,2877364,1810399,1864165,31,20,Agency_17,Not Started,8.609972,76.763703,1,Normal,0.0669383539148935,0,LOW,No major risk detected
MPLADS_0492,Kerala,District_7,School,3404513,345901,2257837,31,140,Agency_9,Not Started,8.787482,76.947776,1,Normal,0.0805803435379642,15,LOW,Project delay
MPLADS_0493,Kerala,District_16,Drainage,2485678,3134903,387224,41,264,Agency_13,Not Started,11.797329,76.642736,1,Normal,0.0717133661643521,25,LOW,Severe project delay
MPLADS_0494,Tamil Nadu,District_24,Drinking Water,1726644,4185247,4683802,31,138,Agency_11,Delayed,8.202498,77.473139,1,Normal,0.0560295274707077,65,HIGH,"Expenditure exceeds sanctioned amount, Project delay, Low progress with high expenditure"
MPLADS_0495,Maharashtra,District_22,School,3176813,4193403,4442482,25,458,Agency_6,Completed,17.310232,75.589132,1,Normal,0.0424020850461792,75,HIGH,"Expenditure exceeds sanctioned amount, Severe project delay, Low progress with high expenditure"
MPLADS_0496,Tamil Nadu,District_21,Drainage,1663560,2253531,4463722,0,69,Agency_1,Delayed,8.490799,80.135223,1,Normal,0.0162588286145554,50,MEDIUM,"Expenditure exceeds sanctioned amount, Low progress with high expenditure"
MPLADS_0497,Telangana,District_22,Drainage,2343673,1119412,244433,55,384,Agency_7,Not Started,18.070589,78.360992,1,Normal,0.0592626187548557,25,LOW,Severe project delay
MPLADS_0498,Telangana,District_21,School,3525488,4465743,2036199,1,117,Agency_12,Completed,17.427624,78.89937,1,Normal,0.0282468106917168,15,LOW,Project delay
MPLADS_0499,Maharashtra,District_8,Hospital,3070745,2082623,374446,80,197,Agency_19,Completed,19.503863,76.880139,1,Normal,0.0696950384829829,25,LOW,Severe project delay
MPLADS_0500,Tamil Nadu,District_17,Drinking Water,4694068,1285296,458934,29,204,Agency_17,In Progress,13.148595,78.287247,1,Normal,0.0405753490740725,35,MEDIUM,"Severe project delay, High sanctioned amount"
MPLADS_0501,Andhra Pradesh,District_16,Drainage,3352923,3353131,2667885,70,213,Agency_4,Delayed,19.148243,83.596542,1,Normal,0.1064258921316768,25,LOW,Severe project delay
MPLADS_0502,Kerala,District_27,Drainage,3245741,3003028,1892226,51,55,Agency_3,Delayed,9.159148,77.219548,1,Normal,0.0793034535979531,0,LOW,No major risk detected
MPLADS_0503,Kerala,District_23,Community Hall,2548714,4861701,2917658,90,286,Agency_1,In Progress,8.735285,76.925369,1,Normal,0.0553140841585498,55,MEDIUM,"Expenditure exceeds sanctioned amount, Severe project delay"
MPLADS_0504,Maharashtra,District_10,Drainage,266486,447595,2088038,8,469,Agency_18,Delayed,18.074051,79.887187,-1,Anomaly,-0.0107172460656772,95,CRITICAL,"Expenditure exceeds sanctioned amount, Severe project delay, Low progress with high expenditure, AI detected unusual pattern"
MPLADS_0505,Telangana,District_10,School,476888,3843092,1481617,21,292,Agency_15,Not Started,19.359032,80.262517,1,Normal,0.0541419190584722,75,HIGH,"Expenditure exceeds sanctioned amount, Severe project delay, Low progress with high expenditure"
MPLADS_0506,Telangana,District_27,Drainage,3606597,1781041,833271,33,174,Agency_8,Not Started,19.039125,78.357781,1,Normal,0.0870667571310919,15,LOW,Project delay
MPLADS_0507,Kerala,District_2,Hospital,885988,3640511,1952120,48,346,Agency_1,Delayed,8.572229,75.847748,1,Normal,0.0856791617601157,55,MEDIUM,"Expenditure exceeds sanctioned amount, Severe project delay"
MPLADS_0508,Maharashtra,District_9,Drinking Water,600428,2467209,3021098,0,369,Agency_14,In Progress,16.727909,78.368094,1,Normal,0.0317618389613066,75,HIGH,"Expenditure exceeds sanctioned amount, Severe project delay, Low progress with high expenditure"
MPLADS_0509,Tamil Nadu,District_17,Drinking Water,4507632,576925,2699762,72,499,Agency_4,Completed,9.938158,80.297563,1,Normal,0.0303867432584823,35,MEDIUM,"Severe project delay, High sanctioned amount"
MPLADS_0510,Telangana,District_11,Drainage,2139706,2975609,2949905,83,461,Agency_5,Delayed,18.427986,80.325426,1,Normal,0.0683240623778829,55,MEDIUM,"Expenditure exceeds sanctioned amount, Severe project delay"
MPLADS_0511,Tamil Nadu,District_10,Road,1778782,3958005,1692964,52,127,Agency_13,Completed,8.742138,79.820461,1,Normal,0.0980411624288949,30,LOW,"High expenditure, Project delay"
MPLADS_0512,Telangana,District_22,Road,4355665,806547,831939,82,430,Agency_15,In Progress,19.583304,79.050835,1,Normal,0.0426844920077004,35,MEDIUM,"Severe project delay, High sanctioned amount"
MPLADS_0513,Telangana,District_25,School,2939190,656752,4303548,99,377,Agency_6,Completed,18.285637,80.106277,1,Normal,0.0188507794462646,55,MEDIUM,"Expenditure exceeds sanctioned amount, Severe project delay"
MPLADS_0514,Karnataka,District_17,Road,447172,1389462,3647588,39,324,Agency_1,In Progress,12.72387,76.311804,1,Normal,0.0737481184634415,75,HIGH,"Expenditure exceeds sanctioned amount, Severe project delay, Low progress with high expenditure"
MPLADS_0515,Telangana,District_4,School,664673,2260920,2495084,44,441,Agency_19,In Progress,17.434518,77.756221,1,Normal,0.0671361866251775,55,MEDIUM,"Expenditure exceeds sanctioned amount, Severe project delay"
MPLADS_0516,Andhra Pradesh,District_16,Community Hall,305658,4873416,3513123,67,291,Agency_13,Not Started,15.025727,77.252196,1,Normal,0.0493151494083083,55,MEDIUM,"Expenditure exceeds sanctioned amount, Severe project delay"
MPLADS_0517,Maharashtra,District_20,School,1540641,1187317,3965966,8,287,Agency_6,Not Started,15.767777,73.72188,1,Normal,0.0745783491008845,75,HIGH,"Expenditure exceeds sanctioned amount, Severe project delay, Low progress with high expenditure"
MPLADS_0518,Maharashtra,District_15,Road,1780283,3007532,3624705,21,225,Agency_15,In Progress,21.860248,77.161095,1,Normal,0.0982987540338254,75,HIGH,"Expenditure exceeds sanctioned amount, Severe project delay, Low progress with high expenditure"
MPLADS_0519,Tamil Nadu,District_25,Drainage,804085,2216354,2510120,17,63,Agency_16,Delayed,13.408604,78.016491,1,Normal,0.0667999978293945,50,MEDIUM,"Expenditure exceeds sanctioned amount, Low progress with high expenditure"
MPLADS_0520,Telangana,District_27,Community Hall,801993,349189,3942613,75,454,Agency_16,Not Started,17.078446,79.123339,1,Normal,0.0095458230427756,55,MEDIUM,"Expenditure exceeds sanctioned amount, Severe project delay"
MPLADS_0521,Andhra Pradesh,District_21,Road,775571,1609049,4065032,42,425,Agency_10,In Progress,15.500777,77.555884,1,Normal,0.0542833661182714,55,MEDIUM,"Expenditure exceeds sanctioned amount, Severe project delay"
MPLADS_0522,Tamil Nadu,District_5,School,878282,2304851,3767378,38,47,Agency_9,Completed,11.588627,77.10736,1,Normal,0.067751320275379,50,MEDIUM,"Expenditure exceeds sanctioned amount, Low progress with high expenditure"
MPLADS_0523,Karnataka,District_6,Hospital,521761,2424494,2206274,72,201,Agency_9,Completed,15.837116,76.990925,1,Normal,0.0856404680800573,55,MEDIUM,"Expenditure exceeds sanctioned amount, Severe project delay"
MPLADS_0524,Tamil Nadu,District_17,Drinking Water,3485715,905953,2439700,5,497,Agency_17,Delayed,8.851339,76.457668,1,Normal,0.0171635332665738,25,LOW,Severe project delay
MPLADS_0525,Tamil Nadu,District_1,Road,4152748,554655,631458,82,336,Agency_17,Completed,12.372265,78.131162,1,Normal,0.0518457172830109,35,MEDIUM,"Severe project delay, High sanctioned amount"
MPLADS_0526,Telangana,District_25,School,2624469,3826487,1541439,47,413,Agency_17,Completed,16.038472,80.980492,1,Normal,0.0848683394238816,25,LOW,Severe project delay
MPLADS_0527,Karnataka,District_19,Community Hall,367942,4011635,4106920,6,404,Agency_12,In Progress,11.904464,77.197162,1,Normal,0.0054334458718806,75,HIGH,"Expenditure exceeds sanctioned amount, Severe project delay, Low progress with high expenditure"
MPLADS_0528,Tamil Nadu,District_4,Road,3944456,286824,2083890,79,59,Agency_13,Completed,13.508602,77.204556,1,Normal,0.05656725486246,0,LOW,No major risk detected
MPLADS_0529,Andhra Pradesh,District_17,Road,3895204,3707942,3391579,68,396,Agency_12,Completed,13.538846,77.683218,1,Normal,0.0751609583571097,40,MEDIUM,"High expenditure, Severe project delay"
MPLADS_0530,Andhra Pradesh,District_9,Drinking Water,387462,1117979,3511661,15,256,Agency_14,Completed,14.601616,77.518471,1,Normal,0.0493671774722753,75,HIGH,"Expenditure exceeds sanctioned amount, Severe project delay, Low progress with high expenditure"
MPLADS_0531,Maharashtra,District_24,School,3978207,3199409,2727956,0,64,Agency_10,Completed,20.099049,73.117022,1,Normal,0.0247963644874096,0,LOW,No major risk detected
MPLADS_0532,Karnataka,District_2,Hospital,4594350,4598003,4075249,36,238,Agency_19,In Progress,15.065955,78.584806,1,Normal,0.0507086911971422,70,HIGH,"High expenditure, Severe project delay, Low progress with high expenditure, High sanctioned amount"
MPLADS_0533,Karnataka,District_8,Community Hall,471773,4075282,2614902,82,288,Agency_2,Completed,17.197792,76.830009,1,Normal,0.0648783962022376,55,MEDIUM,"Expenditure exceeds sanctioned amount, Severe project delay"
MPLADS_0534,Maharashtra,District_15,School,2480630,1738124,408008,36,37,Agency_4,Delayed,17.590649,77.778335,1,Normal,0.0478320677552994,0,LOW,No major risk detected
MPLADS_0535,Tamil Nadu,District_7,Community Hall,4613167,3893380,4129214,80,24,Agency_19,Not Started,10.951432,77.98955,1,Normal,0.0105776016132597,25,LOW,"High expenditure, High sanctioned amount"
MPLADS_0536,Karnataka,District_27,Road,2880514,4216289,1333957,63,409,Agency_7,Delayed,12.414973,78.078379,1,Normal,0.0736743277922258,25,LOW,Severe project delay
MPLADS_0537,Andhra Pradesh,District_6,Drinking Water,2845126,2776826,1864260,89,460,Agency_15,Not Started,15.568579,78.276442,1,Normal,0.0569815444109428,25,LOW,Severe project delay
MPLADS_0538,Andhra Pradesh,District_1,Drinking Water,4316399,1856242,3559651,85,58,Agency_15,Delayed,15.027212,80.054451,1,Normal,0.0523075903030683,25,LOW,"High expenditure, High sanctioned amount"
MPLADS_0539,Telangana,District_15,Drainage,2777364,143246,2806647,61,475,Agency_6,Not Started,19.192905,79.987735,1,Normal,0.0451530701453017,55,MEDIUM,"Expenditure exceeds sanctioned amount, Severe project delay"
MPLADS_0540,Karnataka,District_23,Hospital,3673638,258886,184001,71,416,Agency_3,Not Started,16.885134,74.050744,1,Normal,0.0250835870996413,25,LOW,Severe project delay
MPLADS_0541,Tamil Nadu,District_26,Drinking Water,2767892,2417713,2424607,60,356,Agency_6,Not Started,10.330462,78.221645,1,Normal,0.1144409133172429,40,MEDIUM,"High expenditure, Severe project delay"
MPLADS_0542,Maharashtra,District_7,Road,137593,1479608,3916419,32,382,Agency_16,Not Started,15.72475,74.75645,1,Normal,0.0343047996532644,75,HIGH,"Expenditure exceeds sanctioned amount, Severe project delay, Low progress with high expenditure"
MPLADS_0543,Maharashtra,District_29,Hospital,741252,4113068,75867,65,296,Agency_2,In Progress,20.541884,73.738011,1,Normal,0.0248736091120165,25,LOW,Severe project delay
MPLADS_0544,Tamil Nadu,District_25,School,952473,3440888,98780,29,157,Agency_7,Delayed,10.997737,77.103848,1,Normal,0.0322170731951211,15,LOW,Project delay
MPLADS_0545,Kerala,District_17,Drinking Water,176202,2334798,2705145,19,56,Agency_11,Not Started,8.255756,75.427124,1,Normal,0.0361651931016588,50,MEDIUM,"Expenditure exceeds sanctioned amount, Low progress with high expenditure"
MPLADS_0546,Telangana,District_2,Hospital,2224758,1582337,2951478,59,432,Agency_7,Delayed,19.801082,80.245841,1,Normal,0.096639050850161,55,MEDIUM,"Expenditure exceeds sanctioned amount, Severe project delay"
MPLADS_0547,Maharashtra,District_27,Road,3319497,833566,884072,81,47,Agency_4,Completed,21.837248,76.649189,1,Normal,0.0413154324951289,0,LOW,No major risk detected
MPLADS_0548,Karnataka,District_9,Drainage,168542,2961259,3777263,73,327,Agency_7,Not Started,12.268153,76.520614,1,Normal,0.0501836600717315,55,MEDIUM,"Expenditure exceeds sanctioned amount, Severe project delay"
MPLADS_0549,Telangana,District_29,Community Hall,1467158,2117791,3859981,23,432,Agency_4,Delayed,17.662947,80.408557,1,Normal,0.0749705306048857,75,HIGH,"Expenditure exceeds sanctioned amount, Severe project delay, Low progress with high expenditure"
MPLADS_0550,Karnataka,District_9,Community Hall,1885932,4779924,4205031,3,430,Agency_12,In Progress,12.186578,76.245909,1,Normal,0.0123435876013465,75,HIGH,"Expenditure exceeds sanctioned amount, Severe project delay, Low progress with high expenditure"
MPLADS_0551,Andhra Pradesh,District_13,Road,2722762,829105,4094591,36,55,Agency_5,Delayed,13.590321,79.329875,1,Normal,0.0662260787473878,50,MEDIUM,"Expenditure exceeds sanctioned amount, Low progress with high expenditure"
MPLADS_0552,Telangana,District_6,Road,1693906,966992,1029051,3,64,Agency_19,Not Started,18.823164,79.008869,1,Normal,0.0321369880177793,0,LOW,No major risk detected
MPLADS_0553,Maharashtra,District_6,Community Hall,3766434,270326,1424119,76,267,Agency_5,Completed,18.043274,75.874153,1,Normal,0.0745302538528091,25,LOW,Severe project delay
MPLADS_0554,Telangana,District_20,Drainage,505433,4563552,1278182,88,68,Agency_19,Delayed,17.683732,80.183063,1,Normal,0.0088724429111995,30,LOW,Expenditure exceeds sanctioned amount
MPLADS_0555,Telangana,District_20,Hospital,4869291,3572810,4084161,76,215,Agency_3,Completed,19.457547,80.830272,1,Normal,0.0587047143488368,50,MEDIUM,"High expenditure, Severe project delay, High sanctioned amount"
MPLADS_0556,Telangana,District_21,Community Hall,140140,3276458,400732,17,389,Agency_11,In Progress,19.026304,78.398546,1,Normal,0.0064922102234465,75,HIGH,"Expenditure exceeds sanctioned amount, Severe project delay, Low progress with high expenditure"
MPLADS_0557,Kerala,District_3,Road,1565554,1496743,2580746,87,88,Agency_7,Delayed,11.36542,75.937768,1,Normal,0.0814032453870949,30,LOW,Expenditure exceeds sanctioned amount
MPLADS_0558,Telangana,District_17,Drinking Water,1634645,4534781,2261743,65,448,Agency_17,Delayed,16.84415,80.395312,1,Normal,0.0603556291635468,55,MEDIUM,"Expenditure exceeds sanctioned amount, Severe project delay"
MPLADS_0559,Karnataka,District_17,School,1497307,950853,4036352,47,280,Agency_9,In Progress,11.768984,78.148105,1,Normal,0.0901444930051749,55,MEDIUM,"Expenditure exceeds sanctioned amount, Severe project delay"
MPLADS_0560,Andhra Pradesh,District_12,Drainage,3796962,4497321,2286158,32,256,Agency_9,In Progress,15.645751,81.861332,1,Normal,0.0753576307709941,25,LOW,Severe project delay
MPLADS_0561,Tamil Nadu,District_16,Drainage,3280786,701824,3130452,57,159,Agency_10,In Progress,11.692382,79.959495,1,Normal,0.0937303136084078,30,LOW,"High expenditure, Project delay"
MPLADS_0562,Telangana,District_15,Drinking Water,4726103,4577549,3315640,82,489,Agency_13,Not Started,18.410346,79.532948,-1,Anomaly,-0.0122799174639215,55,MEDIUM,"Severe project delay, High sanctioned amount, AI detected unusual pattern"
MPLADS_0563,Maharashtra,District_13,Drinking Water,3501001,2956405,2720807,72,233,Agency_15,Not Started,16.033238,76.902787,1,Normal,0.1047110572349072,25,LOW,Severe project delay
MPLADS_0564,Telangana,District_23,Road,3466403,3221222,1472417,27,130,Agency_5,Delayed,16.415693,80.002248,1,Normal,0.0872159838962705,15,LOW,Project delay
MPLADS_0565,Maharashtra,District_1,Community Hall,1848594,4619146,685899,34,48,Agency_3,Delayed,18.929442,78.245891,1,Normal,0.0462962093697297,0,LOW,No major risk detected
MPLADS_0566,Karnataka,District_17,Hospital,3671420,2520856,328774,9,146,Agency_8,Delayed,11.79171,74.390043,1,Normal,0.0402638199471848,15,LOW,Project delay
MPLADS_0567,Maharashtra,District_3,Drainage,2439127,3189782,496626,64,315,Agency_10,Completed,20.256102,73.1983,1,Normal,0.0790909083197041,25,LOW,Severe project delay
MPLADS_0568,Tamil Nadu,District_26,Drainage,3993439,2427942,3033871,41,490,Agency_13,In Progress,8.399038,76.250856,1,Normal,0.0476304941104153,25,LOW,Severe project delay
MPLADS_0569,Andhra Pradesh,District_15,Drinking Water,1945618,1700224,4859617,84,412,Agency_3,Delayed,18.912909,82.673818,1,Normal,0.0408101155498835,55,MEDIUM,"Expenditure exceeds sanctioned amount, Severe project delay"
MPLADS_0570,Maharashtra,District_4,Community Hall,4690239,1398055,621868,8,433,Agency_8,In Progress,17.896134,75.061245,1,Normal,0.0046182581513524,35,MEDIUM,"Severe project delay, High sanctioned amount"
MPLADS_0571,Maharashtra,District_4,Drainage,2927448,905783,4543910,59,1,Agency_9,Not Started,17.873071,79.029624,1,Normal,0.0179245889650803,30,LOW,Expenditure exceeds sanctioned amount
MPLADS_0572,Andhra Pradesh,District_18,Hospital,1301661,2280653,1417757,14,328,Agency_12,In Progress,16.965046,78.200084,1,Normal,0.0819072768745102,75,HIGH,"Expenditure exceeds sanctioned amount, Severe project delay, Low progress with high expenditure"
MPLADS_0573,Tamil Nadu,District_17,Drinking Water,3514524,634942,1214656,98,439,Agency_11,Completed,8.975012,76.613262,1,Normal,0.0158615264580415,25,LOW,Severe project delay
MPLADS_0574,Telangana,District_19,Hospital,1164100,4613870,3466800,56,144,Agency_2,Completed,18.507241,80.104616,1,Normal,0.0822586295635193,45,MEDIUM,"Expenditure exceeds sanctioned amount, Project delay"
MPLADS_0575,Maharashtra,District_11,Community Hall,1559390,1470654,748456,68,443,Agency_18,In Progress,17.322802,72.773843,1,Normal,0.0661252839014724,25,LOW,Severe project delay
MPLADS_0576,Andhra Pradesh,District_20,Drainage,2057878,2267127,1148452,21,365,Agency_9,Completed,13.142333,84.539666,1,Normal,0.0869727644402136,25,LOW,Severe project delay
MPLADS_0577,Karnataka,District_3,School,4762037,773503,2656416,63,419,Agency_2,Completed,13.568113,77.538426,1,Normal,0.0515626252813301,35,MEDIUM,"Severe project delay, High sanctioned amount"
MPLADS_0578,Andhra Pradesh,District_8,Drainage,365617,3549058,692986,40,60,Agency_2,Not Started,16.72278,79.793711,1,Normal,0.0292908722173821,30,LOW,Expenditure exceeds sanctioned amount
MPLADS_0579,Karnataka,District_14,Community Hall,1854053,3562106,4564704,86,272,Agency_3,Delayed,12.939811,74.558378,1,Normal,0.0662395102912422,55,MEDIUM,"Expenditure exceeds sanctioned amount, Severe project delay"
MPLADS_0580,Tamil Nadu,District_26,Drainage,1143015,398848,2298013,70,48,Agency_16,Completed,11.444073,79.453462,1,Normal,0.058189773063689,30,LOW,Expenditure exceeds sanctioned amount
MPLADS_0581,Telangana,District_1,Drainage,4520756,2047179,1777581,55,331,Agency_19,Delayed,18.440007,79.215148,1,Normal,0.0827203928341658,35,MEDIUM,"Severe project delay, High sanctioned amount"
MPLADS_0582,Andhra Pradesh,District_14,Road,141563,1531177,2358818,22,443,Agency_4,In Progress,12.876878,84.544759,1,Normal,0.0321191496100461,75,HIGH,"Expenditure exceeds sanctioned amount, Severe project delay, Low progress with high expenditure"
MPLADS_0583,Kerala,District_2,Drainage,2898768,216991,3425398,24,403,Agency_18,In Progress,11.874085,75.561337,1,Normal,0.0483918519381654,75,HIGH,"Expenditure exceeds sanctioned amount, Severe project delay, Low progress with high expenditure"
MPLADS_0584,Maharashtra,District_29,Drainage,1395801,4341256,4832455,90,433,Agency_18,Completed,21.969807,77.595617,1,Normal,0.0113915150501178,55,MEDIUM,"Expenditure exceeds sanctioned amount, Severe project delay"
MPLADS_0585,Tamil Nadu,District_23,Hospital,2877754,4042942,3354849,5,130,Agency_10,In Progress,11.261567,79.341907,1,Normal,0.0652568786003514,65,HIGH,"Expenditure exceeds sanctioned amount, Project delay, Low progress with high expenditure"
MPLADS_0586,Andhra Pradesh,District_4,School,1632701,2480412,345510,33,42,Agency_11,Not Started,17.957681,82.017477,1,Normal,0.0547413088990478,0,LOW,No major risk detected
MPLADS_0587,Maharashtra,District_24,Hospital,1740992,4710110,3104973,62,56,Agency_17,Completed,16.432622,75.40762,1,Normal,0.0703069729525268,30,LOW,Expenditure exceeds sanctioned amount
MPLADS_0588,Andhra Pradesh,District_27,Hospital,4412200,926058,4656637,8,49,Agency_16,Completed,18.725352,78.519386,-1,Anomaly,-0.0023572098380661,80,HIGH,"Expenditure exceeds sanctioned amount, Low progress with high expenditure, High sanctioned amount, AI detected unusual pattern"
MPLADS_0589,Karnataka,District_29,Drinking Water,1067497,2193167,3211824,59,451,Agency_13,Completed,14.105169,75.987554,1,Normal,0.0761768232045317,55,MEDIUM,"Expenditure exceeds sanctioned amount, Severe project delay"
MPLADS_0590,Andhra Pradesh,District_19,Road,3909949,152877,60248,48,464,Agency_2,In Progress,15.500073,81.664811,1,Normal,0.0045765464382429,25,LOW,Severe project delay
MPLADS_0591,Kerala,District_6,Hospital,4274367,3718893,4075183,96,177,Agency_2,In Progress,12.538149,75.425801,1,Normal,0.0391741447867157,40,MEDIUM,"High expenditure, Project delay, High sanctioned amount"
MPLADS_0592,Andhra Pradesh,District_25,Community Hall,3789469,4638226,2187040,50,292,Agency_14,Completed,13.401909,78.299511,1,Normal,0.0728133393143237,25,LOW,Severe project delay
MPLADS_0593,Andhra Pradesh,District_1,Community Hall,304371,1595329,250346,59,45,Agency_4,Delayed,18.453704,81.931068,1,Normal,0.0103826372278383,15,LOW,High expenditure
MPLADS_0594,Kerala,District_17,Drainage,3133128,3122753,628821,69,169,Agency_17,In Progress,9.515171,76.921462,1,Normal,0.080827657108997,15,LOW,Project delay
MPLADS_0595,Tamil Nadu,District_8,Drinking Water,2249318,441670,4246258,36,270,Agency_13,In Progress,12.823672,79.75536,1,Normal,0.0701862805016472,75,HIGH,"Expenditure exceeds sanctioned amount, Severe project delay, Low progress with high expenditure"
MPLADS_0596,Andhra Pradesh,District_19,Road,3144510,4676043,4556167,30,416,Agency_4,Completed,18.664915,78.743152,1,Normal,0.0418661522007011,75,HIGH,"Expenditure exceeds sanctioned amount, Severe project delay, Low progress with high expenditure"
MPLADS_0597,Kerala,District_21,Road,1212180,1744512,674164,97,335,Agency_3,Delayed,11.673193,75.997403,1,Normal,0.0359900608613693,25,LOW,Severe project delay
MPLADS_0598,Maharashtra,District_1,Drainage,470888,3868806,1806641,40,138,Agency_12,Completed,21.072991,78.646473,1,Normal,0.0608194580296821,45,MEDIUM,"Expenditure exceeds sanctioned amount, Project delay"
MPLADS_0599,Karnataka,District_5,Community Hall,1413133,4856100,272739,61,246,Agency_8,In Progress,16.935132,77.018344,1,Normal,0.0442589382495024,25,LOW,Severe project delay
MPLADS_0600,Karnataka,District_27,School,240285,4983431,3447464,92,147,Agency_2,Completed,12.742001,76.507124,-1,Anomaly,-0.0029737985944534,65,HIGH,"Expenditure exceeds sanctioned amount, Project delay, AI detected unusual pattern"
MPLADS_0601,Andhra Pradesh,District_16,Drinking Water,3246699,1400339,2431961,57,229,Agency_6,Completed,19.09882,84.292843,1,Normal,0.1077830948932356,25,LOW,Severe project delay
MPLADS_0602,Tamil Nadu,District_6,Drainage,2567649,3469998,278116,13,279,Agency_10,Completed,8.241773,76.892222,1,Normal,0.0490238240965562,25,LOW,Severe project delay
MPLADS_0603,Tamil Nadu,District_8,Drinking Water,2261130,4202363,3433754,35,124,Agency_12,Delayed,8.737681,79.249116,1,Normal,0.0921510473273473,65,HIGH,"Expenditure exceeds sanctioned amount, Project delay, Low progress with high expenditure"
MPLADS_0604,Maharashtra,District_13,Community Hall,1257739,3784942,1780330,35,191,Agency_10,Completed,20.915605,74.372144,1,Normal,0.0896114069015031,75,HIGH,"Expenditure exceeds sanctioned amount, Severe project delay, Low progress with high expenditure"
MPLADS_0605,Andhra Pradesh,District_16,Community Hall,2251016,90633,4668575,78,373,Agency_10,In Progress,15.938628,83.509695,1,Normal,0.0229013207470062,55,MEDIUM,"Expenditure exceeds sanctioned amount, Severe project delay"
MPLADS_0606,Karnataka,District_3,School,3178411,1307302,3834857,7,79,Agency_3,Completed,16.629611,76.494291,1,Normal,0.0587872918100981,50,MEDIUM,"Expenditure exceeds sanctioned amount, Low progress with high expenditure"
MPLADS_0607,Tamil Nadu,District_19,School,4638599,1101893,2656460,25,93,Agency_10,Delayed,11.305947,78.335114,1,Normal,0.0612477651497287,25,LOW,"Project delay, High sanctioned amount"
MPLADS_0608,Andhra Pradesh,District_12,Road,2766826,4551428,374765,35,225,Agency_9,Not Started,14.56382,81.276678,1,Normal,0.0551924289855889,25,LOW,Severe project delay
MPLADS_0609,Tamil Nadu,District_16,Drinking Water,1538543,1928166,1930382,47,64,Agency_19,Delayed,11.857758,79.867956,1,Normal,0.0947769962331194,30,LOW,Expenditure exceeds sanctioned amount
MPLADS_0610,Kerala,District_27,Drinking Water,2752303,4955627,22879,84,87,Agency_14,Completed,11.12694,76.778916,-1,Anomaly,-0.0033838172297284,20,LOW,AI detected unusual pattern
MPLADS_0611,Tamil Nadu,District_11,Community Hall,2487587,3636575,568086,27,87,Agency_2,Not Started,8.896401,78.138541,1,Normal,0.0577570883342664,0,LOW,No major risk detected
MPLADS_0612,Karnataka,District_10,Road,3202963,3900404,3787807,67,200,Agency_5,Completed,11.565321,75.134723,1,Normal,0.0955101696598703,55,MEDIUM,"Expenditure exceeds sanctioned amount, Severe project delay"
MPLADS_0613,Telangana,District_25,Drainage,1161288,3473376,1541618,61,213,Agency_8,Delayed,18.778493,80.968878,1,Normal,0.0941228840297139,55,MEDIUM,"Expenditure exceeds sanctioned amount, Severe project delay"
MPLADS_0614,Maharashtra,District_20,Drinking Water,3348273,2871105,4905737,79,203,Agency_7,Not Started,16.244658,75.932403,1,Normal,0.0571464584583606,55,MEDIUM,"Expenditure exceeds sanctioned amount, Severe project delay"
MPLADS_0615,Maharashtra,District_4,Road,1821503,1922204,4009143,85,400,Agency_6,Not Started,20.800461,74.293496,1,Normal,0.0733131537638868,55,MEDIUM,"Expenditure exceeds sanctioned amount, Severe project delay"
MPLADS_0616,Karnataka,District_12,Road,4370153,1950946,4692251,75,381,Agency_11,Completed,15.385595,77.372128,1,Normal,0.0452994912296812,65,HIGH,"Expenditure exceeds sanctioned amount, Severe project delay, High sanctioned amount"
MPLADS_0617,Tamil Nadu,District_23,Community Hall,4499797,976109,169472,79,88,Agency_12,Completed,11.449519,76.989704,1,Normal,0.017852820185824,10,LOW,High sanctioned amount
MPLADS_0618,Andhra Pradesh,District_2,Road,654111,758669,2101028,50,475,Agency_18,Delayed,14.945538,83.048713,1,Normal,0.0435722421496855,55,MEDIUM,"Expenditure exceeds sanctioned amount, Severe project delay"
MPLADS_0619,Tamil Nadu,District_24,School,1202791,4277939,2905537,41,60,Agency_19,Completed,11.103668,76.221964,1,Normal,0.0722638240318369,30,LOW,Expenditure exceeds sanctioned amount
MPLADS_0620,Karnataka,District_22,School,3961087,2357539,2737850,100,270,Agency_10,Not Started,16.826935,74.162432,1,Normal,0.0489455116190593,25,LOW,Severe project delay
MPLADS_0621,Maharashtra,District_19,Hospital,2493869,3276419,1708019,28,93,Agency_14,In Progress,20.44727,74.280589,1,Normal,0.0899838368192376,15,LOW,Project delay
MPLADS_0622,Tamil Nadu,District_25,Community Hall,797948,2646882,3310335,81,306,Agency_3,In Progress,13.365211,77.745351,1,Normal,0.0894797013395635,55,MEDIUM,"Expenditure exceeds sanctioned amount, Severe project delay"
MPLADS_0623,Maharashtra,District_5,Drainage,2609244,4015292,1789472,9,26,Agency_18,Delayed,17.725056,73.835771,1,Normal,0.0423533665458626,0,LOW,No major risk detected
MPLADS_0624,Andhra Pradesh,District_8,Hospital,881635,1056891,3623983,38,213,Agency_15,Completed,14.616988,83.800871,1,Normal,0.0818361606091689,75,HIGH,"Expenditure exceeds sanctioned amount, Severe project delay, Low progress with high expenditure"
MPLADS_0625,Maharashtra,District_7,School,1517217,3997526,3159783,81,73,Agency_6,Delayed,22.076173,75.656969,1,Normal,0.0765474740831199,30,LOW,Expenditure exceeds sanctioned amount
MPLADS_0626,Maharashtra,District_14,Hospital,2794686,777467,2407466,0,60,Agency_10,In Progress,18.515969,78.593189,1,Normal,0.0336348549169271,35,MEDIUM,"High expenditure, Low progress with high expenditure"
MPLADS_0627,Telangana,District_24,Community Hall,3280545,4700100,2336168,38,185,Agency_12,In Progress,19.433403,79.453568,1,Normal,0.0749746374973754,45,MEDIUM,"Severe project delay, Low progress with high expenditure"
MPLADS_0628,Telangana,District_23,Community Hall,281414,3048851,3918673,20,30,Agency_7,Completed,17.405255,78.767963,1,Normal,0.0218810663253401,50,MEDIUM,"Expenditure exceeds sanctioned amount, Low progress with high expenditure"
MPLADS_0629,Kerala,District_3,Road,4501116,3711306,1944984,64,218,Agency_17,Not Started,11.399843,74.808367,1,Normal,0.087991994607194,35,MEDIUM,"Severe project delay, High sanctioned amount"
MPLADS_0630,Telangana,District_18,Drinking Water,2113729,2073969,1348971,14,11,Agency_1,Completed,18.340316,78.550873,1,Normal,0.0471546221045146,0,LOW,No major risk detected
MPLADS_0631,Maharashtra,District_16,Road,2452110,1047057,4151314,3,301,Agency_18,In Progress,20.762283,73.371822,1,Normal,0.056837799096601,75,HIGH,"Expenditure exceeds sanctioned amount, Severe project delay, Low progress with high expenditure"
MPLADS_0632,Karnataka,District_23,Community Hall,1693083,3724153,4296419,59,414,Agency_15,Not Started,15.617416,76.212475,1,Normal,0.0789516915133777,55,MEDIUM,"Expenditure exceeds sanctioned amount, Severe project delay"
MPLADS_0633,Maharashtra,District_19,School,2065726,4798584,2047701,60,31,Agency_19,Delayed,19.775116,73.138285,1,Normal,0.0585726771593912,15,LOW,High expenditure
MPLADS_0634,Karnataka,District_19,Drainage,3452862,2262292,4020086,19,159,Agency_1,In Progress,15.559887,76.582829,1,Normal,0.081592226024268,65,HIGH,"Expenditure exceeds sanctioned amount, Project delay, Low progress with high expenditure"
MPLADS_0635,Karnataka,District_18,School,1460808,4420297,3627760,9,488,Agency_5,Delayed,15.424621,76.776043,1,Normal,0.0075816764092366,75,HIGH,"Expenditure exceeds sanctioned amount, Severe project delay, Low progress with high expenditure"
MPLADS_0636,Telangana,District_20,Road,4231430,3668313,492870,86,236,Agency_15,Not Started,18.573519,80.258958,1,Normal,0.0531555579822697,35,MEDIUM,"Severe project delay, High sanctioned amount"
MPLADS_0637,Tamil Nadu,District_16,Drainage,71650,3000501,4567612,33,226,Agency_3,Delayed,9.510996,79.665208,1,Normal,0.0279465412137481,75,HIGH,"Expenditure exceeds sanctioned amount, Severe project delay, Low progress with high expenditure"
MPLADS_0638,Andhra Pradesh,District_8,Community Hall,1454962,1434410,4219689,47,180,Agency_1,In Progress,15.888488,77.324172,1,Normal,0.0909356813691727,45,MEDIUM,"Expenditure exceeds sanctioned amount, Project delay"
MPLADS_0639,Telangana,District_28,School,3073846,2357199,4007581,32,316,Agency_8,Completed,16.040059,78.470106,1,Normal,0.0965968576096591,75,HIGH,"Expenditure exceeds sanctioned amount, Severe project delay, Low progress with high expenditure"
MPLADS_0640,Telangana,District_1,Community Hall,1923204,336100,4162109,97,45,Agency_12,Delayed,19.018078,79.889188,1,Normal,0.0027556089476099,30,LOW,Expenditure exceeds sanctioned amount
MPLADS_0641,Tamil Nadu,District_17,Drainage,2963293,4308183,2615822,60,340,Agency_19,In Progress,12.416244,78.37253,1,Normal,0.0887940920380329,40,MEDIUM,"High expenditure, Severe project delay"
MPLADS_0642,Andhra Pradesh,District_12,Drainage,2389189,2098880,127369,9,457,Agency_12,In Progress,15.505313,77.894365,1,Normal,0.0195794475807804,25,LOW,Severe project delay
MPLADS_0643,Maharashtra,District_21,School,256251,2519606,4949294,53,79,Agency_13,Not Started,17.733253,76.202361,1,Normal,0.016949810251976,30,LOW,Expenditure exceeds sanctioned amount
MPLADS_0644,Kerala,District_11,Community Hall,3894328,4968349,3729127,83,134,Agency_1,In Progress,8.607562,75.373591,1,Normal,0.0361636559060053,30,LOW,"High expenditure, Project delay"
MPLADS_0645,Kerala,District_5,Hospital,4120101,3089316,2360876,64,259,Agency_19,Completed,10.951836,76.712724,1,Normal,0.098967232250995,35,MEDIUM,"Severe project delay, High sanctioned amount"
MPLADS_0646,Maharashtra,District_27,Community Hall,4563207,1095533,3383328,76,474,Agency_6,Completed,22.089259,80.344841,1,Normal,0.0279254886177954,35,MEDIUM,"Severe project delay, High sanctioned amount"
MPLADS_0647,Telangana,District_12,Drainage,1466693,1335844,3629047,0,307,Agency_8,Delayed,18.434517,78.800743,1,Normal,0.0532606541789147,75,HIGH,"Expenditure exceeds sanctioned amount, Severe project delay, Low progress with high expenditure"
MPLADS_0648,Andhra Pradesh,District_17,Community Hall,944801,4723584,2241737,4,246,Agency_4,Delayed,16.798771,83.063778,1,Normal,0.0269872339027487,75,HIGH,"Expenditure exceeds sanctioned amount, Severe project delay, Low progress with high expenditure"
MPLADS_0649,Telangana,District_6,Road,1774854,1606232,2877695,79,472,Agency_5,Delayed,16.285178,78.757639,1,Normal,0.0661180009683052,55,MEDIUM,"Expenditure exceeds sanctioned amount, Severe project delay"
MPLADS_0650,Karnataka,District_1,Hospital,432811,837600,2775847,14,158,Agency_7,Delayed,17.378616,75.765632,1,Normal,0.0512957237740822,65,HIGH,"Expenditure exceeds sanctioned amount, Project delay, Low progress with high expenditure"
MPLADS_0651,Telangana,District_5,Drinking Water,4745995,4551572,1758076,27,202,Agency_4,Completed,18.144676,79.433524,1,Normal,0.0438742325785133,35,MEDIUM,"Severe project delay, High sanctioned amount"
MPLADS_0652,Telangana,District_25,Road,1058314,4017454,1660522,94,111,Agency_4,Not Started,16.556353,78.576495,1,Normal,0.0339193709344674,45,MEDIUM,"Expenditure exceeds sanctioned amount, Project delay"
MPLADS_0653,Maharashtra,District_28,Drinking Water,4458608,1535619,1177213,22,467,Agency_15,Delayed,17.774323,72.817433,1,Normal,0.0365770167382427,35,MEDIUM,"Severe project delay, High sanctioned amount"
MPLADS_0654,Maharashtra,District_14,School,2543330,1888524,917153,16,291,Agency_5,Not Started,15.757246,79.503085,1,Normal,0.0869976083760435,25,LOW,Severe project delay
MPLADS_0655,Maharashtra,District_5,Drinking Water,1767787,1249399,2724660,97,437,Agency_9,In Progress,17.37496,76.900054,1,Normal,0.0448108529995237,55,MEDIUM,"Expenditure exceeds sanctioned amount, Severe project delay"
MPLADS_0656,Kerala,District_22,Community Hall,4446208,2701813,3010827,12,309,Agency_2,In Progress,9.574138,77.245766,1,Normal,0.0802323590226276,35,MEDIUM,"Severe project delay, High sanctioned amount"
MPLADS_0657,Karnataka,District_24,Drinking Water,761716,172026,1933298,13,118,Agency_7,Delayed,13.315077,75.976421,1,Normal,0.0300240708006476,65,HIGH,"Expenditure exceeds sanctioned amount, Project delay, Low progress with high expenditure"
MPLADS_0658,Maharashtra,District_27,Drainage,2817257,1331507,3635279,10,382,Agency_17,In Progress,21.272747,79.588049,1,Normal,0.0682028486069377,75,HIGH,"Expenditure exceeds sanctioned amount, Severe project delay, Low progress with high expenditure"
MPLADS_0659,Andhra Pradesh,District_1,Road,2885623,3260912,4046423,27,16,Agency_16,Not Started,13.828269,83.201411,1,Normal,0.0482765311420013,50,MEDIUM,"Expenditure exceeds sanctioned amount, Low progress with high expenditure"
MPLADS_0660,Kerala,District_18,Road,1749660,2654684,531397,41,492,Agency_17,Not Started,10.30766,76.055719,1,Normal,0.0376078996630279,25,LOW,Severe project delay
MPLADS_0661,Tamil Nadu,District_16,Drinking Water,395430,785053,802425,95,330,Agency_2,In Progress,8.747488,76.538526,1,Normal,0.0029872561051993,55,MEDIUM,"Expenditure exceeds sanctioned amount, Severe project delay"
MPLADS_0662,Andhra Pradesh,District_9,Road,878411,612167,3120997,98,413,Agency_11,Delayed,17.404399,80.721335,1,Normal,0.0111651411773309,55,MEDIUM,"Expenditure exceeds sanctioned amount, Severe project delay"
MPLADS_0663,Andhra Pradesh,District_19,Drainage,1907845,3169712,3914413,60,226,Agency_2,Not Started,15.483215,82.609017,1,Normal,0.1079299442117091,55,MEDIUM,"Expenditure exceeds sanctioned amount, Severe project delay"
MPLADS_0664,Maharashtra,District_22,Road,2555365,361741,1576772,63,360,Agency_1,Not Started,20.575834,73.918938,1,Normal,0.0833142313214116,25,LOW,Severe project delay
MPLADS_0665,Tamil Nadu,District_5,Drinking Water,1989983,4247930,3011179,30,485,Agency_2,Completed,11.417261,76.768487,1,Normal,0.0508404745265147,75,HIGH,"Expenditure exceeds sanctioned amount, Severe project delay, Low progress with high expenditure"
MPLADS_0666,Tamil Nadu,District_27,Hospital,897405,1708800,62066,80,405,Agency_9,Delayed,12.2077,78.959212,1,Normal,0.0260078589900477,25,LOW,Severe project delay
MPLADS_0667,Kerala,District_2,Hospital,2341947,1593971,2481146,72,116,Agency_2,Completed,12.600427,74.979291,1,Normal,0.1059421229955823,45,MEDIUM,"Expenditure exceeds sanctioned amount, Project delay"
MPLADS_0668,Tamil Nadu,District_15,School,283462,1857737,268480,9,42,Agency_15,In Progress,8.319506,77.385186,-1,Anomaly,-0.0063372825830242,55,MEDIUM,"High expenditure, Low progress with high expenditure, AI detected unusual pattern"
MPLADS_0669,Karnataka,District_7,Road,3036068,3801531,4193005,7,367,Agency_10,In Progress,13.33194,75.136102,1,Normal,0.0582586824183012,75,HIGH,"Expenditure exceeds sanctioned amount, Severe project delay, Low progress with high expenditure"
MPLADS_0670,Maharashtra,District_4,Drinking Water,2018921,2355289,3762331,20,114,Agency_15,Completed,21.490655,74.671233,1,Normal,0.0891118847982272,65,HIGH,"Expenditure exceeds sanctioned amount, Project delay, Low progress with high expenditure"
MPLADS_0671,Tamil Nadu,District_1,Road,3451447,3081301,1021214,76,282,Agency_10,Delayed,9.522918,79.389473,1,Normal,0.0887407013323343,25,LOW,Severe project delay
MPLADS_0672,Kerala,District_13,Community Hall,2700196,2894472,4090554,58,36,Agency_17,Not Started,10.268803,76.819447,1,Normal,0.071132664599959,30,LOW,Expenditure exceeds sanctioned amount
MPLADS_0673,Karnataka,District_20,Drainage,3838264,194454,4181364,49,301,Agency_9,In Progress,11.957563,76.242827,1,Normal,0.0624660356260475,55,MEDIUM,"Expenditure exceeds sanctioned amount, Severe project delay"
MPLADS_0674,Telangana,District_22,Road,3750357,4680746,1945822,68,112,Agency_18,Delayed,15.937816,77.438082,1,Normal,0.0653545564320285,15,LOW,Project delay
MPLADS_0675,Telangana,District_7,Road,460226,304043,2583937,69,34,Agency_4,Delayed,19.516394,77.729132,1,Normal,0.0330446523139876,30,LOW,Expenditure exceeds sanctioned amount
MPLADS_0676,Karnataka,District_15,Hospital,1814694,4887502,4207739,29,131,Agency_9,In Progress,15.226945,75.89104,1,Normal,0.0530231106621473,65,HIGH,"Expenditure exceeds sanctioned amount, Project delay, Low progress with high expenditure"
MPLADS_0677,Kerala,District_23,Drainage,1857254,2610079,1946513,94,335,Agency_16,In Progress,9.797779,77.139567,1,Normal,0.0787714257920533,55,MEDIUM,"Expenditure exceeds sanctioned amount, Severe project delay"
MPLADS_0678,Karnataka,District_14,Drinking Water,4901039,4864647,3315742,16,335,Agency_4,Delayed,11.652764,77.053433,1,Normal,0.0246453050064959,35,MEDIUM,"Severe project delay, High sanctioned amount"
MPLADS_0679,Maharashtra,District_23,Road,1722349,4974374,1480851,74,468,Agency_16,Not Started,21.862064,77.249396,1,Normal,0.0304958354197106,40,MEDIUM,"High expenditure, Severe project delay"
MPLADS_0680,Maharashtra,District_19,Hospital,181562,1895733,722917,19,409,Agency_19,Completed,21.689346,73.03374,1,Normal,0.0218155597524807,75,HIGH,"Expenditure exceeds sanctioned amount, Severe project delay, Low progress with high expenditure"
MPLADS_0681,Telangana,District_22,School,1102305,4354388,2945973,47,376,Agency_1,In Progress,17.517053,78.1886,1,Normal,0.0872318139219018,55,MEDIUM,"Expenditure exceeds sanctioned amount, Severe project delay"
MPLADS_0682,Tamil Nadu,District_29,Drainage,4502664,1064391,2946598,72,227,Agency_6,Completed,12.092597,80.321448,1,Normal,0.0803032315226123,35,MEDIUM,"Severe project delay, High sanctioned amount"
MPLADS_0683,Kerala,District_24,Hospital,3217126,523006,4496745,1,146,Agency_10,Delayed,9.380038,76.500854,1,Normal,0.016490969874698,65,HIGH,"Expenditure exceeds sanctioned amount, Project delay, Low progress with high expenditure"
MPLADS_0684,Telangana,District_20,Hospital,2443946,4224904,2667179,36,121,Agency_16,Completed,16.6122,79.348255,1,Normal,0.0958357032658556,65,HIGH,"Expenditure exceeds sanctioned amount, Project delay, Low progress with high expenditure"
MPLADS_0685,Tamil Nadu,District_29,Hospital,4872481,2934991,1461511,0,80,Agency_4,Not Started,10.598022,80.282422,1,Normal,0.0004811467308902,10,LOW,High sanctioned amount
MPLADS_0686,Tamil Nadu,District_24,Road,3461031,123568,2710993,3,172,Agency_13,Delayed,11.407753,77.667927,1,Normal,0.0413884502030027,35,MEDIUM,"Project delay, Low progress with high expenditure"
MPLADS_0687,Maharashtra,District_18,Road,410306,3254288,4212618,99,153,Agency_16,Not Started,16.341623,73.855349,1,Normal,0.0111540978960507,45,MEDIUM,"Expenditure exceeds sanctioned amount, Project delay"
MPLADS_0688,Andhra Pradesh,District_10,School,2774274,1247442,628119,53,149,Agency_6,Delayed,14.087092,78.73283,1,Normal,0.0770645339185421,15,LOW,Project delay
MPLADS_0689,Andhra Pradesh,District_9,Community Hall,1644502,1249529,4017324,24,374,Agency_11,Not Started,18.214066,81.245905,1,Normal,0.0772996429962543,75,HIGH,"Expenditure exceeds sanctioned amount, Severe project delay, Low progress with high expenditure"
MPLADS_0690,Karnataka,District_25,Community Hall,3983233,1840228,3525530,2,57,Agency_3,Delayed,15.163736,74.527937,1,Normal,0.03235328317896,35,MEDIUM,"High expenditure, Low progress with high expenditure"
MPLADS_0691,Maharashtra,District_8,Community Hall,1538303,2373176,2929697,8,62,Agency_10,Not Started,21.190908,78.599359,1,Normal,0.0760998987628067,50,MEDIUM,"Expenditure exceeds sanctioned amount, Low progress with high expenditure"
MPLADS_0692,Tamil Nadu,District_26,Drainage,568490,1279351,651462,85,155,Agency_1,Delayed,8.378943,79.172907,1,Normal,0.0343862730241369,45,MEDIUM,"Expenditure exceeds sanctioned amount, Project delay"
MPLADS_0693,Kerala,District_29,Drainage,2123946,1011858,2337089,86,448,Agency_11,Not Started,10.700276,75.012486,1,Normal,0.066261215433983,55,MEDIUM,"Expenditure exceeds sanctioned amount, Severe project delay"
MPLADS_0694,Andhra Pradesh,District_10,School,2610244,521678,554653,75,427,Agency_12,Delayed,15.624784,80.62604,1,Normal,0.0501205591057593,25,LOW,Severe project delay
MPLADS_0695,Tamil Nadu,District_17,Drainage,4279228,1479740,4505477,73,355,Agency_14,Not Started,8.928337,80.171932,1,Normal,0.0610626052927506,65,HIGH,"Expenditure exceeds sanctioned amount, Severe project delay, High sanctioned amount"
MPLADS_0696,Andhra Pradesh,District_2,Community Hall,1311368,3032885,403186,33,426,Agency_8,In Progress,18.209837,82.119081,1,Normal,0.055137381862126,25,LOW,Severe project delay
MPLADS_0697,Andhra Pradesh,District_6,Community Hall,1953124,4258694,3765490,42,420,Agency_11,Completed,15.651151,80.035301,1,Normal,0.0834503963897508,55,MEDIUM,"Expenditure exceeds sanctioned amount, Severe project delay"
MPLADS_0698,Andhra Pradesh,District_26,Hospital,2842537,547619,4544666,73,321,Agency_4,Delayed,16.896425,81.117998,1,Normal,0.0644067754781991,55,MEDIUM,"Expenditure exceeds sanctioned amount, Severe project delay"
MPLADS_0699,Kerala,District_5,Drainage,3197887,268547,3314299,93,400,Agency_7,Not Started,8.486456,76.132507,1,Normal,0.025264764060682,55,MEDIUM,"Expenditure exceeds sanctioned amount, Severe project delay"
MPLADS_0700,Maharashtra,District_28,Road,4714496,601595,4969691,21,167,Agency_10,In Progress,20.841624,76.411691,1,Normal,7.909881825640674e-06,75,HIGH,"Expenditure exceeds sanctioned amount, Project delay, Low progress with high expenditure, High sanctioned amount"
MPLADS_0701,Kerala,District_9,Road,1637542,4471740,772790,69,165,Agency_19,Delayed,8.439,76.844323,1,Normal,0.0763434605868598,15,LOW,Project delay
MPLADS_0702,Telangana,District_5,Hospital,3912163,2372273,1760093,1,84,Agency_4,Delayed,16.625592,78.182759,1,Normal,0.0332005195890939,0,LOW,No major risk detected
MPLADS_0703,Tamil Nadu,District_18,Hospital,4906436,2134820,1230682,93,444,Agency_2,Delayed,8.922356,77.586903,1,Normal,0.0018721322892836,35,MEDIUM,"Severe project delay, High sanctioned amount"
MPLADS_0704,Maharashtra,District_26,Hospital,1690027,1472533,2905018,65,136,Agency_18,Completed,20.518885,76.910903,1,Normal,0.1044131694838094,45,MEDIUM,"Expenditure exceeds sanctioned amount, Project delay"
MPLADS_0705,Maharashtra,District_20,Road,2876267,3889346,617317,31,460,Agency_14,Not Started,16.931728,79.88599,1,Normal,0.0437800232182183,25,LOW,Severe project delay
MPLADS_0706,Maharashtra,District_9,Community Hall,204536,3908804,2110923,15,458,Agency_16,Not Started,21.317282,79.825801,1,Normal,0.0049674223996708,75,HIGH,"Expenditure exceeds sanctioned amount, Severe project delay, Low progress with high expenditure"
MPLADS_0707,Maharashtra,District_17,Hospital,4819729,2375452,1703675,75,188,Agency_11,Delayed,17.152175,76.345287,1,Normal,0.0641042571493192,35,MEDIUM,"Severe project delay, High sanctioned amount"
MPLADS_0708,Kerala,District_27,School,4667752,1443488,984303,0,463,Agency_10,Delayed,12.730952,76.807232,-1,Anomaly,-0.0104469946529025,55,MEDIUM,"Severe project delay, High sanctioned amount, AI detected unusual pattern"
MPLADS_0709,Maharashtra,District_17,Hospital,2995081,978252,4004417,71,399,Agency_17,Delayed,15.776588,73.141198,1,Normal,0.0718940752696492,55,MEDIUM,"Expenditure exceeds sanctioned amount, Severe project delay"
MPLADS_0710,Karnataka,District_12,Drinking Water,2648385,637073,330580,47,378,Agency_14,In Progress,14.74752,78.182413,1,Normal,0.0558615453557188,25,LOW,Severe project delay
MPLADS_0711,Tamil Nadu,District_7,Hospital,674773,650338,3263507,49,1,Agency_4,Delayed,11.01673,78.290813,1,Normal,0.0268163194166827,30,LOW,Expenditure exceeds sanctioned amount
MPLADS_0712,Maharashtra,District_27,Road,2067528,4791330,4853483,12,105,Agency_19,Completed,16.285579,78.051275,1,Normal,0.0117078540836962,65,HIGH,"Expenditure exceeds sanctioned amount, Project delay, Low progress with high expenditure"
MPLADS_0713,Tamil Nadu,District_3,Drainage,1728332,124231,2886237,14,363,Agency_2,Not Started,12.603778,77.797764,1,Normal,0.0487046372723858,75,HIGH,"Expenditure exceeds sanctioned amount, Severe project delay, Low progress with high expenditure"
MPLADS_0714,Karnataka,District_10,Hospital,1052021,3576185,3641047,52,71,Agency_7,Completed,16.929283,78.436593,1,Normal,0.0812171402069983,30,LOW,Expenditure exceeds sanctioned amount
MPLADS_0715,Karnataka,District_2,Drainage,2235132,4195466,4983064,43,426,Agency_9,Delayed,12.926365,76.407316,1,Normal,0.0364523619682647,55,MEDIUM,"Expenditure exceeds sanctioned amount, Severe project delay"
MPLADS_0716,Tamil Nadu,District_25,Drinking Water,1468314,1900131,1046658,7,125,Agency_19,In Progress,9.607973,79.529989,1,Normal,0.0669553898350297,35,MEDIUM,"Project delay, Low progress with high expenditure"
MPLADS_0717,Andhra Pradesh,District_3,School,3672541,4738200,490674,73,169,Agency_16,Delayed,16.412116,81.840118,1,Normal,0.0469026686118914,15,LOW,Project delay
MPLADS_0718,Telangana,District_16,Drainage,342007,2303840,4757924,45,204,Agency_16,Delayed,19.071448,78.704688,1,Normal,0.0436151430271516,55,MEDIUM,"Expenditure exceeds sanctioned amount, Severe project delay"
MPLADS_0719,Andhra Pradesh,District_2,Community Hall,2545990,2643050,403056,68,312,Agency_18,Delayed,18.639594,81.017534,1,Normal,0.07824450783363,25,LOW,Severe project delay
MPLADS_0720,Andhra Pradesh,District_28,Hospital,4114610,4072529,4293335,18,336,Agency_11,Delayed,13.642502,82.336783,1,Normal,0.0554173605350306,85,CRITICAL,"Expenditure exceeds sanctioned amount, Severe project delay, Low progress with high expenditure, High sanctioned amount"
MPLADS_0721,Kerala,District_24,Drinking Water,1574960,3163534,3622914,37,486,Agency_7,Delayed,11.849002,75.62358,1,Normal,0.0554538772111219,75,HIGH,"Expenditure exceeds sanctioned amount, Severe project delay, Low progress with high expenditure"
MPLADS_0722,Andhra Pradesh,District_10,Drinking Water,2978785,3650957,193024,10,471,Agency_9,Not Started,18.257383,84.03976,1,Normal,0.0075751651546783,25,LOW,Severe project delay
MPLADS_0723,Maharashtra,District_6,Drainage,1419971,2848610,1086048,42,194,Agency_4,Completed,17.399879,80.763228,1,Normal,0.093481379535136,25,LOW,Severe project delay
MPLADS_0724,Kerala,District_22,School,4841164,3221856,2167098,19,157,Agency_13,In Progress,8.847273,75.325241,1,Normal,0.0611918206990427,25,LOW,"Project delay, High sanctioned amount"
MPLADS_0725,Kerala,District_26,Road,1662119,1130132,954353,19,499,Agency_4,Delayed,9.047434,77.124373,1,Normal,0.0232902610452222,25,LOW,Severe project delay
MPLADS_0726,Karnataka,District_11,Hospital,437773,1775812,3419413,20,140,Agency_19,In Progress,16.080048,74.69968,1,Normal,0.0675260284096427,65,HIGH,"Expenditure exceeds sanctioned amount, Project delay, Low progress with high expenditure"
MPLADS_0727,Andhra Pradesh,District_23,Drinking Water,4266803,3335749,1061341,81,274,Agency_2,Not Started,15.506135,81.683914,1,Normal,0.0785191864444194,35,MEDIUM,"Severe project delay, High sanctioned amount"
MPLADS_0728,Karnataka,District_7,School,676840,4820554,4509522,56,6,Agency_9,Completed,12.084249,78.059115,-1,Anomaly,-0.0046771933626565,50,MEDIUM,"Expenditure exceeds sanctioned amount, AI detected unusual pattern"
MPLADS_0729,Tamil Nadu,District_27,Community Hall,4689148,1712918,3840371,49,392,Agency_12,Delayed,12.50018,78.321868,1,Normal,0.0518721080946188,50,MEDIUM,"High expenditure, Severe project delay, High sanctioned amount"
MPLADS_0730,Telangana,District_29,Drinking Water,1684224,567200,1833980,73,466,Agency_2,Not Started,19.765219,78.787492,1,Normal,0.0537073571287564,55,MEDIUM,"Expenditure exceeds sanctioned amount, Severe project delay"
MPLADS_0731,Kerala,District_15,School,1496395,4427987,1976849,97,492,Agency_6,Not Started,12.726907,76.536592,-1,Anomaly,-0.0064653413599862,75,HIGH,"Expenditure exceeds sanctioned amount, Severe project delay, AI detected unusual pattern"
MPLADS_0732,Tamil Nadu,District_6,Road,2633677,3889973,1731742,25,53,Agency_5,Completed,11.554159,76.897011,1,Normal,0.0748014827960093,0,LOW,No major risk detected
MPLADS_0733,Tamil Nadu,District_20,Road,4109626,1413864,4877920,29,103,Agency_5,Delayed,12.938795,77.995457,1,Normal,0.0306983042343486,75,HIGH,"Expenditure exceeds sanctioned amount, Project delay, Low progress with high expenditure, High sanctioned amount"
MPLADS_0734,Maharashtra,District_27,Drinking Water,921905,4776429,4570351,72,341,Agency_5,Completed,16.654517,72.704642,1,Normal,0.0403359395186689,55,MEDIUM,"Expenditure exceeds sanctioned amount, Severe project delay"
MPLADS_0735,Telangana,District_9,Drinking Water,193704,1279003,4723094,30,337,Agency_4,Completed,18.094998,79.204119,1,Normal,0.0128758365670174,75,HIGH,"Expenditure exceeds sanctioned amount, Severe project delay, Low progress with high expenditure"
MPLADS_0736,Tamil Nadu,District_22,Drainage,115756,2010220,3305453,41,60,Agency_9,In Progress,12.02838,79.939084,1,Normal,0.0401789565118994,30,LOW,Expenditure exceeds sanctioned amount
MPLADS_0737,Tamil Nadu,District_20,Hospital,1417064,3050264,3635613,67,86,Agency_10,In Progress,8.444677,79.272285,1,Normal,0.0871204042816435,30,LOW,Expenditure exceeds sanctioned amount
MPLADS_0738,Telangana,District_12,School,3596293,822291,2146491,60,257,Agency_16,Completed,16.568389,80.461073,1,Normal,0.1053427488111143,25,LOW,Severe project delay
MPLADS_0739,Telangana,District_19,Drinking Water,4053314,3564674,3574701,60,177,Agency_10,In Progress,19.15816,79.255016,1,Normal,0.0955312007935093,40,MEDIUM,"High expenditure, Project delay, High sanctioned amount"
MPLADS_0740,Tamil Nadu,District_20,Hospital,4764386,1083879,314543,69,241,Agency_10,Not Started,11.97736,77.52027,1,Normal,0.0263529160754283,35,MEDIUM,"Severe project delay, High sanctioned amount"
MPLADS_0741,Telangana,District_3,Drainage,2446640,2198164,3986173,77,202,Agency_19,Completed,17.731788,80.32222,1,Normal,0.1016875708006889,55,MEDIUM,"Expenditure exceeds sanctioned amount, Severe project delay"
MPLADS_0742,Tamil Nadu,District_15,Hospital,3328262,3123961,3122261,67,30,Agency_10,Delayed,10.571885,77.702753,1,Normal,0.0692546494164972,15,LOW,High expenditure
MPLADS_0743,Tamil Nadu,District_2,Drinking Water,1975464,268168,1466498,89,288,Agency_6,Delayed,10.76759,79.678647,1,Normal,0.0515640715104854,25,LOW,Severe project delay
MPLADS_0744,Maharashtra,District_21,Road,1966796,198178,3707925,16,461,Agency_17,Not Started,17.778852,74.042221,1,Normal,0.0288347203169663,75,HIGH,"Expenditure exceeds sanctioned amount, Severe project delay, Low progress with high expenditure"
MPLADS_0745,Andhra Pradesh,District_2,School,1336188,108123,4178986,18,79,Agency_5,Delayed,17.299293,83.390424,1,Normal,0.0284403870769252,50,MEDIUM,"Expenditure exceeds sanctioned amount, Low progress with high expenditure"
MPLADS_0746,Tamil Nadu,District_22,School,483797,2258977,4723297,50,10,Agency_6,Delayed,8.56357,77.207471,1,Normal,0.0104689415363522,30,LOW,Expenditure exceeds sanctioned amount
MPLADS_0747,Karnataka,District_3,Road,3135945,1267309,3101287,69,416,Agency_15,Completed,12.493804,75.60053,1,Normal,0.0842653380360063,40,MEDIUM,"High expenditure, Severe project delay"
MPLADS_0748,Kerala,District_6,Drinking Water,4218773,2917543,722932,62,253,Agency_19,Not Started,10.271615,76.746948,1,Normal,0.0836023835091239,35,MEDIUM,"Severe project delay, High sanctioned amount"
MPLADS_0749,Andhra Pradesh,District_15,School,850607,3420698,991271,92,383,Agency_18,Completed,16.897574,81.729521,1,Normal,0.0329901852125629,55,MEDIUM,"Expenditure exceeds sanctioned amount, Severe project delay"
MPLADS_0750,Andhra Pradesh,District_27,Drinking Water,1834094,2372018,1002206,74,390,Agency_4,Not Started,14.925675,83.515725,1,Normal,0.084229379716941,25,LOW,Severe project delay
MPLADS_0751,Andhra Pradesh,District_10,Drainage,2194797,765003,2248154,79,383,Agency_8,Completed,15.710495,84.63075,1,Normal,0.0884031019353814,55,MEDIUM,"Expenditure exceeds sanctioned amount, Severe project delay"
MPLADS_0752,Maharashtra,District_9,Drinking Water,289608,2325598,13285,29,286,Agency_16,Completed,19.721924,73.647997,1,Normal,0.011405176607608,25,LOW,Severe project delay
MPLADS_0753,Tamil Nadu,District_1,Hospital,4791875,4942571,2667303,24,175,Agency_19,In Progress,11.786594,77.565437,1,Normal,0.0304907844494559,25,LOW,"Project delay, High sanctioned amount"
MPLADS_0754,Maharashtra,District_16,Road,3712097,4541260,3043361,74,125,Agency_3,Delayed,20.061127,73.178022,1,Normal,0.0752710927468314,30,LOW,"High expenditure, Project delay"
MPLADS_0755,Tamil Nadu,District_6,Drinking Water,399115,886002,1714491,70,493,Agency_10,Not Started,8.979336,79.794096,1,Normal,0.0120487273147117,55,MEDIUM,"Expenditure exceeds sanctioned amount, Severe project delay"
MPLADS_0756,Maharashtra,District_9,Drainage,4074919,1411621,1391688,25,46,Agency_2,Delayed,17.076667,79.547441,1,Normal,0.0541360681585836,10,LOW,High sanctioned amount
MPLADS_0757,Maharashtra,District_27,Community Hall,4347084,1220642,1112491,55,205,Agency_4,In Progress,17.415295,77.93592,1,Normal,0.0739849264346317,35,MEDIUM,"Severe project delay, High sanctioned amount"
MPLADS_0758,Kerala,District_4,Road,867166,440508,675979,21,475,Agency_6,Not Started,11.393093,76.132902,1,Normal,0.0061681437648414,45,MEDIUM,"Severe project delay, Low progress with high expenditure"
MPLADS_0759,Karnataka,District_27,School,3196243,1819107,794278,88,436,Agency_11,In Progress,13.637175,74.978164,1,Normal,0.0491040293393862,25,LOW,Severe project delay
MPLADS_0760,Maharashtra,District_28,Hospital,4092942,86160,517553,18,106,Agency_14,Delayed,15.815731,75.122755,1,Normal,0.0199116271872059,25,LOW,"Project delay, High sanctioned amount"
MPLADS_0761,Kerala,District_2,School,903159,69156,986778,30,463,Agency_16,Completed,11.204549,77.239593,-1,Anomaly,-0.0019663850542311,95,CRITICAL,"Expenditure exceeds sanctioned amount, Severe project delay, Low progress with high expenditure, AI detected unusual pattern"
MPLADS_0762,Telangana,District_29,Drainage,3948888,2620348,4094457,25,274,Agency_19,In Progress,19.371938,80.111046,1,Normal,0.0884627012965693,75,HIGH,"Expenditure exceeds sanctioned amount, Severe project delay, Low progress with high expenditure"
MPLADS_0763,Karnataka,District_4,Drainage,945596,2612688,2480562,41,336,Agency_2,In Progress,17.019131,77.058931,1,Normal,0.0991999297774482,55,MEDIUM,"Expenditure exceeds sanctioned amount, Severe project delay"
MPLADS_0764,Maharashtra,District_1,School,2481129,4704126,2548076,40,122,Agency_17,Completed,17.291865,80.129719,1,Normal,0.0863395743775238,45,MEDIUM,"Expenditure exceeds sanctioned amount, Project delay"
MPLADS_0765,Andhra Pradesh,District_19,Road,4827347,4201674,3808057,99,473,Agency_9,Delayed,17.026833,81.239569,-1,Anomaly,-0.0350300850841944,55,MEDIUM,"Severe project delay, High sanctioned amount, AI detected unusual pattern"
MPLADS_0766,Telangana,District_26,School,1650720,1864630,3208747,22,133,Agency_17,In Progress,16.255057,78.898811,1,Normal,0.1032111479933024,65,HIGH,"Expenditure exceeds sanctioned amount, Project delay, Low progress with high expenditure"
MPLADS_0767,Telangana,District_25,Drinking Water,2655327,4964005,4735965,46,106,Agency_15,Delayed,17.687469,80.485342,1,Normal,0.0229855503507535,45,MEDIUM,"Expenditure exceeds sanctioned amount, Project delay"
MPLADS_0768,Kerala,District_10,School,3269598,931809,1912871,12,304,Agency_7,Completed,10.714582,75.789041,1,Normal,0.0729915532751921,25,LOW,Severe project delay
MPLADS_0769,Telangana,District_21,Hospital,3332808,4549311,632215,88,328,Agency_19,Not Started,19.804881,77.620738,1,Normal,0.0382036197632754,25,LOW,Severe project delay
MPLADS_0770,Karnataka,District_15,Hospital,2019412,787197,1821049,65,49,Agency_3,In Progress,14.457839,74.193314,1,Normal,0.0783175858834913,15,LOW,High expenditure
MPLADS_0771,Maharashtra,District_27,Community Hall,640611,3858282,356229,65,336,Agency_1,Delayed,20.409377,80.220035,1,Normal,0.0433109055070149,25,LOW,Severe project delay
MPLADS_0772,Maharashtra,District_22,Hospital,4676510,695649,1176572,15,94,Agency_4,Completed,17.420243,79.724236,1,Normal,0.0274530158080201,25,LOW,"Project delay, High sanctioned amount"
MPLADS_0773,Andhra Pradesh,District_19,School,3992033,262986,4767812,72,267,Agency_18,Completed,14.52864,84.077238,1,Normal,0.0338346890237574,55,MEDIUM,"Expenditure exceeds sanctioned amount, Severe project delay"
MPLADS_0774,Kerala,District_16,Hospital,4982206,3393014,2499799,27,22,Agency_8,In Progress,11.668225,76.892758,1,Normal,0.0195913062375623,10,LOW,High sanctioned amount
MPLADS_0775,Andhra Pradesh,District_21,Road,478556,3688236,4736234,76,53,Agency_19,Not Started,12.718843,84.498764,1,Normal,0.0149326594345596,30,LOW,Expenditure exceeds sanctioned amount
MPLADS_0776,Telangana,District_27,Hospital,3725049,79777,89971,34,373,Agency_6,In Progress,18.779351,78.358054,1,Normal,0.0186694548919434,25,LOW,Severe project delay
MPLADS_0777,Andhra Pradesh,District_24,Drinking Water,530350,3452155,1883200,40,253,Agency_1,Delayed,18.074005,78.980322,1,Normal,0.079741584887677,55,MEDIUM,"Expenditure exceeds sanctioned amount, Severe project delay"
MPLADS_0778,Karnataka,District_22,Road,546232,3877271,1576049,76,452,Agency_8,Completed,17.609277,74.51787,1,Normal,0.035608170606012,55,MEDIUM,"Expenditure exceeds sanctioned amount, Severe project delay"
MPLADS_0779,Maharashtra,District_4,Community Hall,3684183,4664965,4601901,30,234,Agency_1,Not Started,20.173959,77.087797,1,Normal,0.0517579292776252,75,HIGH,"Expenditure exceeds sanctioned amount, Severe project delay, Low progress with high expenditure"
MPLADS_0780,Telangana,District_2,Drinking Water,1737023,248110,2859095,84,483,Agency_19,Delayed,16.195791,78.119197,1,Normal,0.0235867092814768,55,MEDIUM,"Expenditure exceeds sanctioned amount, Severe project delay"
MPLADS_0781,Andhra Pradesh,District_25,School,2678973,4129430,1325502,31,58,Agency_11,In Progress,12.681867,80.497021,1,Normal,0.0667807875586788,0,LOW,No major risk detected
MPLADS_0782,Kerala,District_13,School,2096719,464627,4390088,53,163,Agency_15,Completed,9.58582,76.355729,1,Normal,0.0657140832088299,45,MEDIUM,"Expenditure exceeds sanctioned amount, Project delay"
MPLADS_0783,Karnataka,District_28,School,3921240,2853089,1209110,97,258,Agency_11,In Progress,13.580665,75.379628,1,Normal,0.0478669588451614,25,LOW,Severe project delay
MPLADS_0784,Karnataka,District_1,Drinking Water,3962669,2425163,856462,71,313,Agency_19,Not Started,16.702352,74.221457,1,Normal,0.0844256161687913,25,LOW,Severe project delay
MPLADS_0785,Andhra Pradesh,District_17,Drinking Water,1476548,3782517,733879,58,215,Agency_10,Not Started,18.559107,83.603337,1,Normal,0.0878701487310075,25,LOW,Severe project delay
MPLADS_0786,Maharashtra,District_13,Drinking Water,4041818,3341066,3998571,40,182,Agency_12,Not Started,19.94073,77.523739,1,Normal,0.0822966445965836,50,MEDIUM,"High expenditure, Severe project delay, High sanctioned amount"
MPLADS_0787,Andhra Pradesh,District_4,Road,3829044,4934872,3342006,65,56,Agency_1,Not Started,18.489196,78.201174,1,Normal,0.0339843339736511,15,LOW,High expenditure
MPLADS_0788,Telangana,District_7,Drainage,2074611,4803954,1629814,95,144,Agency_7,Not Started,16.123774,78.110139,1,Normal,0.032320740329664,15,LOW,Project delay
MPLADS_0789,Andhra Pradesh,District_17,Road,300231,1267933,1454315,53,422,Agency_17,In Progress,17.844217,76.980829,1,Normal,0.0412316371208849,55,MEDIUM,"Expenditure exceeds sanctioned amount, Severe project delay"
MPLADS_0790,Karnataka,District_9,School,1111516,1749547,1512718,39,89,Agency_10,Not Started,15.579648,78.579013,1,Normal,0.0815322122476746,50,MEDIUM,"Expenditure exceeds sanctioned amount, Low progress with high expenditure"
MPLADS_0791,Andhra Pradesh,District_4,Drainage,4624475,2927597,2838340,27,451,Agency_6,Not Started,18.247594,80.92371,1,Normal,0.0516720660627341,35,MEDIUM,"Severe project delay, High sanctioned amount"
MPLADS_0792,Maharashtra,District_19,Hospital,4785524,4450131,1204737,36,310,Agency_17,Completed,16.013666,79.5004,1,Normal,0.0351206242707854,35,MEDIUM,"Severe project delay, High sanctioned amount"
MPLADS_0793,Kerala,District_1,School,3422105,3159823,3553525,64,44,Agency_18,Not Started,10.955301,75.098826,1,Normal,0.0775750783650719,30,LOW,Expenditure exceeds sanctioned amount
MPLADS_0794,Tamil Nadu,District_10,Community Hall,1028935,392424,408825,73,459,Agency_5,Completed,8.525601,80.020433,1,Normal,0.0064390768295989,25,LOW,Severe project delay
MPLADS_0795,Andhra Pradesh,District_4,Road,1080451,1511659,1895190,54,256,Agency_18,Completed,17.016722,83.417223,1,Normal,0.0974703510621478,55,MEDIUM,"Expenditure exceeds sanctioned amount, Severe project delay"
MPLADS_0796,Maharashtra,District_9,Drinking Water,2180118,2990107,4705781,3,20,Agency_17,Completed,21.313363,77.345711,1,Normal,0.0008029139621797,50,MEDIUM,"Expenditure exceeds sanctioned amount, Low progress with high expenditure"
MPLADS_0797,Maharashtra,District_13,Road,470993,2100241,240596,98,466,Agency_16,In Progress,18.963401,76.172548,-1,Anomaly,-0.0391945342539754,45,MEDIUM,"Severe project delay, AI detected unusual pattern"
MPLADS_0798,Kerala,District_14,Drinking Water,3451461,3071034,2889198,9,20,Agency_8,In Progress,9.657954,75.929949,1,Normal,0.0487503905929451,35,MEDIUM,"High expenditure, Low progress with high expenditure"
MPLADS_0799,Karnataka,District_10,Drainage,2310791,4984349,4132990,46,51,Agency_13,Delayed,16.917158,76.768848,1,Normal,0.0344172347387545,30,LOW,Expenditure exceeds sanctioned amount
MPLADS_0800,Maharashtra,District_6,Community Hall,296331,1206245,4115810,74,337,Agency_16,Delayed,21.401401,76.280054,1,Normal,0.0492023790750734,55,MEDIUM,"Expenditure exceeds sanctioned amount, Severe project delay"
MPLADS_0801,Maharashtra,District_16,Drainage,3081830,4976622,2752651,13,170,Agency_11,Completed,19.546082,77.839853,1,Normal,0.0525136308223282,50,MEDIUM,"High expenditure, Project delay, Low progress with high expenditure"
MPLADS_0802,Maharashtra,District_6,Community Hall,4434575,208998,1443482,37,435,Agency_6,In Progress,19.446032,78.43186,1,Normal,0.0305614905208511,35,MEDIUM,"Severe project delay, High sanctioned amount"
MPLADS_0803,Maharashtra,District_17,Road,4651318,1726079,304358,11,66,Agency_3,Not Started,17.143318,76.852619,1,Normal,0.0151619655981005,10,LOW,High sanctioned amount
MPLADS_0804,Telangana,District_10,Drinking Water,4130790,672995,2883798,44,112,Agency_1,Delayed,16.227322,78.661143,1,Normal,0.0832576509838256,25,LOW,"Project delay, High sanctioned amount"
MPLADS_0805,Telangana,District_18,Drainage,2846749,3812853,4731005,16,299,Agency_18,In Progress,17.799435,79.678452,1,Normal,0.0595466767395812,75,HIGH,"Expenditure exceeds sanctioned amount, Severe project delay, Low progress with high expenditure"
MPLADS_0806,Karnataka,District_27,Community Hall,3916585,4100230,1592369,79,159,Agency_5,Not Started,18.153717,76.762995,1,Normal,0.0706713072305719,15,LOW,Project delay
MPLADS_0807,Andhra Pradesh,District_22,School,2802690,2053011,4980345,34,265,Agency_13,Not Started,17.50772,80.800755,1,Normal,0.055177235218731,75,HIGH,"Expenditure exceeds sanctioned amount, Severe project delay, Low progress with high expenditure"
MPLADS_0808,Maharashtra,District_18,School,1053510,1326120,2996386,65,319,Agency_10,In Progress,19.721676,73.188737,1,Normal,0.1011861049820422,55,MEDIUM,"Expenditure exceeds sanctioned amount, Severe project delay"
MPLADS_0809,Kerala,District_3,Drainage,4261422,4511918,1191753,74,231,Agency_5,Delayed,9.370201,75.740818,1,Normal,0.0613601671877876,35,MEDIUM,"Severe project delay, High sanctioned amount"
MPLADS_0810,Andhra Pradesh,District_20,Drinking Water,1121192,3423195,1257752,40,462,Agency_14,In Progress,15.718456,77.069755,1,Normal,0.0600332886929255,55,MEDIUM,"Expenditure exceeds sanctioned amount, Severe project delay"
MPLADS_0811,Kerala,District_27,Drainage,3465473,1858516,4594751,66,324,Agency_17,Delayed,8.844111,75.519717,1,Normal,0.0807099113989692,55,MEDIUM,"Expenditure exceeds sanctioned amount, Severe project delay"
MPLADS_0812,Andhra Pradesh,District_21,Road,1910371,1006011,4705154,28,67,Agency_1,Completed,19.012116,79.383911,1,Normal,0.0402147218542598,50,MEDIUM,"Expenditure exceeds sanctioned amount, Low progress with high expenditure"
MPLADS_0813,Karnataka,District_25,Community Hall,4247099,3707905,3324479,17,27,Agency_2,In Progress,14.874287,74.902049,1,Normal,0.0334662619392817,30,LOW,"Low progress with high expenditure, High sanctioned amount"
MPLADS_0814,Maharashtra,District_28,Road,3560764,4075129,126908,19,436,Agency_7,In Progress,19.57007,74.929671,1,Normal,0.0208780294246374,25,LOW,Severe project delay
MPLADS_0815,Maharashtra,District_15,School,1621480,3811509,2353145,13,115,Agency_10,Delayed,16.945452,76.887553,1,Normal,0.0853536803918224,65,HIGH,"Expenditure exceeds sanctioned amount, Project delay, Low progress with high expenditure"
MPLADS_0816,Tamil Nadu,District_15,Community Hall,3460956,842955,3385896,33,50,Agency_7,Delayed,8.030832,76.232189,1,Normal,0.0688772923579613,35,MEDIUM,"High expenditure, Low progress with high expenditure"
MPLADS_0817,Kerala,District_4,Drainage,1980873,1316571,861563,48,180,Agency_16,In Progress,9.207717,74.895476,1,Normal,0.0936482446067449,15,LOW,Project delay
MPLADS_0818,Andhra Pradesh,District_29,Road,3665590,1811126,860712,53,259,Agency_5,Not Started,13.31297,79.444771,1,Normal,0.0879046920967363,25,LOW,Severe project delay
MPLADS_0819,Andhra Pradesh,District_27,Hospital,2410901,4160993,3957922,30,78,Agency_12,Not Started,17.897065,81.333594,1,Normal,0.0693845843629494,50,MEDIUM,"Expenditure exceeds sanctioned amount, Low progress with high expenditure"
MPLADS_0820,Telangana,District_9,Drinking Water,3239858,343313,651142,57,272,Agency_17,Not Started,17.901938,78.315258,1,Normal,0.0700437752573874,25,LOW,Severe project delay
MPLADS_0821,Tamil Nadu,District_27,Drinking Water,3002053,4398366,247902,41,107,Agency_16,Completed,13.217821,77.867463,1,Normal,0.0416623177052492,15,LOW,Project delay
MPLADS_0822,Telangana,District_26,Hospital,3341987,1652525,2170231,57,450,Agency_16,Completed,16.15708,79.544853,1,Normal,0.072907092042625,25,LOW,Severe project delay
MPLADS_0823,Telangana,District_19,School,4663311,1767355,1604441,81,73,Agency_19,Delayed,16.266737,78.511848,1,Normal,0.0505064973888959,10,LOW,High sanctioned amount
MPLADS_0824,Telangana,District_24,Community Hall,4467338,3996617,4514562,29,174,Agency_15,Completed,17.880389,80.522046,1,Normal,0.0509698292330925,75,HIGH,"Expenditure exceeds sanctioned amount, Project delay, Low progress with high expenditure, High sanctioned amount"
MPLADS_0825,Kerala,District_28,Drinking Water,4153099,3533974,492450,24,489,Agency_12,Not Started,10.470314,76.625873,1,Normal,0.0186077337101182,35,MEDIUM,"Severe project delay, High sanctioned amount"
MPLADS_0826,Kerala,District_17,Hospital,840671,3292792,1908238,62,183,Agency_10,In Progress,12.766957,75.141872,1,Normal,0.0905659134146291,55,MEDIUM,"Expenditure exceeds sanctioned amount, Severe project delay"
MPLADS_0827,Karnataka,District_11,Drainage,4557863,4950318,1529598,18,22,Agency_2,Completed,13.423121,75.81505,-1,Anomaly,-0.0113626433620733,30,LOW,"High sanctioned amount, AI detected unusual pattern"
MPLADS_0828,Karnataka,District_25,Hospital,4313272,1497922,2219485,71,273,Agency_7,Completed,14.452797,75.890697,1,Normal,0.0993875633177873,35,MEDIUM,"Severe project delay, High sanctioned amount"
MPLADS_0829,Telangana,District_9,School,4738195,183114,2669232,91,128,Agency_13,Not Started,19.521205,79.913324,1,Normal,0.0262857813409818,25,LOW,"Project delay, High sanctioned amount"
MPLADS_0830,Tamil Nadu,District_10,School,634718,3003718,55807,7,290,Agency_3,Completed,11.404269,77.499365,1,Normal,0.0062368513779583,25,LOW,Severe project delay
MPLADS_0831,Andhra Pradesh,District_18,Road,2244358,4735942,1445986,94,319,Agency_15,Delayed,18.037017,84.43599,1,Normal,0.0452393240041316,25,LOW,Severe project delay
MPLADS_0832,Kerala,District_20,Drinking Water,1858566,1937717,670501,2,185,Agency_1,In Progress,11.977512,74.804069,1,Normal,0.0529572990701053,25,LOW,Severe project delay
MPLADS_0833,Tamil Nadu,District_13,Road,2554973,734076,1568274,66,478,Agency_3,Not Started,11.563848,76.414769,1,Normal,0.0653212940503952,25,LOW,Severe project delay
MPLADS_0834,Maharashtra,District_8,Hospital,4102579,4018178,4832884,85,58,Agency_10,Delayed,17.274447,73.094055,1,Normal,0.0047596155120624,40,MEDIUM,"Expenditure exceeds sanctioned amount, High sanctioned amount"
MPLADS_0835,Kerala,District_7,Community Hall,819565,189133,657272,80,491,Agency_15,Not Started,10.977459,76.585134,-1,Anomaly,-0.0126005595857667,60,MEDIUM,"High expenditure, Severe project delay, AI detected unusual pattern"
MPLADS_0836,Kerala,District_17,Community Hall,3746944,3859697,4742369,99,0,Agency_6,Delayed,8.726643,75.797981,-1,Anomaly,-0.02866293439064,50,MEDIUM,"Expenditure exceeds sanctioned amount, AI detected unusual pattern"
MPLADS_0837,Karnataka,District_21,School,3934175,4589469,3194074,16,130,Agency_15,In Progress,14.693656,75.697644,1,Normal,0.064810205157309,50,MEDIUM,"High expenditure, Project delay, Low progress with high expenditure"
MPLADS_0838,Andhra Pradesh,District_23,Community Hall,2167191,1512597,2948287,13,66,Agency_7,In Progress,13.398765,80.093477,1,Normal,0.0807039732784281,50,MEDIUM,"Expenditure exceeds sanctioned amount, Low progress with high expenditure"
MPLADS_0839,Andhra Pradesh,District_15,Community Hall,1659425,320001,3774993,8,292,Agency_5,Delayed,17.557775,77.275162,1,Normal,0.0565298131319627,75,HIGH,"Expenditure exceeds sanctioned amount, Severe project delay, Low progress with high expenditure"
MPLADS_0840,Maharashtra,District_20,Community Hall,2353707,4667631,319963,61,466,Agency_4,Delayed,16.12117,75.544602,1,Normal,0.0175442722478077,25,LOW,Severe project delay
MPLADS_0841,Maharashtra,District_15,Hospital,1589663,3447570,4101701,93,284,Agency_18,Delayed,21.721217,78.149153,1,Normal,0.0669089357422016,55,MEDIUM,"Expenditure exceeds sanctioned amount, Severe project delay"
MPLADS_0842,Kerala,District_1,Community Hall,1048899,1449298,1193493,20,88,Agency_3,Delayed,11.321882,75.740992,1,Normal,0.0597319472660832,50,MEDIUM,"Expenditure exceeds sanctioned amount, Low progress with high expenditure"
MPLADS_0843,Telangana,District_25,Drainage,2148729,4197413,4751882,75,416,Agency_17,Delayed,18.234009,77.238498,1,Normal,0.0431677888991036,55,MEDIUM,"Expenditure exceeds sanctioned amount, Severe project delay"
MPLADS_0844,Karnataka,District_14,Community Hall,4352096,832409,1433271,36,99,Agency_18,Delayed,15.952672,78.20112,1,Normal,0.0646236978188523,25,LOW,"Project delay, High sanctioned amount"
MPLADS_0845,Karnataka,District_5,Community Hall,1870844,1767826,4628219,95,188,Agency_18,In Progress,15.788014,78.019014,1,Normal,0.0444875294597151,55,MEDIUM,"Expenditure exceeds sanctioned amount, Severe project delay"
MPLADS_0846,Kerala,District_11,Road,1001302,2491724,1717229,10,476,Agency_2,Delayed,11.530276,75.113452,1,Normal,0.0309552565263303,75,HIGH,"Expenditure exceeds sanctioned amount, Severe project delay, Low progress with high expenditure"
MPLADS_0847,Tamil Nadu,District_16,Hospital,4255089,4894636,4060177,19,377,Agency_13,Completed,13.053739,76.479064,1,Normal,0.0232615847702253,70,HIGH,"High expenditure, Severe project delay, Low progress with high expenditure, High sanctioned amount"
MPLADS_0848,Telangana,District_2,School,1170803,763391,2750936,34,345,Agency_15,In Progress,17.989267,77.740121,1,Normal,0.0775692309239485,75,HIGH,"Expenditure exceeds sanctioned amount, Severe project delay, Low progress with high expenditure"
MPLADS_0849,Kerala,District_8,Road,955112,4749654,1561726,52,387,Agency_5,Not Started,8.25385,75.897289,1,Normal,0.0573989632912045,55,MEDIUM,"Expenditure exceeds sanctioned amount, Severe project delay"
MPLADS_0850,Telangana,District_11,Drinking Water,3785447,387164,2516976,46,240,Agency_3,In Progress,17.009667,79.046802,1,Normal,0.0856927411404642,25,LOW,Severe project delay
MPLADS_0851,Telangana,District_29,Hospital,3914860,3224209,4401649,74,269,Agency_5,Not Started,18.16652,77.366208,1,Normal,0.0789558779105971,55,MEDIUM,"Expenditure exceeds sanctioned amount, Severe project delay"
MPLADS_0852,Telangana,District_18,Drainage,200653,2813779,2910203,51,497,Agency_5,Not Started,16.304314,79.322841,1,Normal,0.0096448403524622,55,MEDIUM,"Expenditure exceeds sanctioned amount, Severe project delay"
MPLADS_0853,Kerala,District_3,Hospital,4507910,2908214,1660870,7,218,Agency_5,Completed,9.77857,76.695851,1,Normal,0.0625609710872838,35,MEDIUM,"Severe project delay, High sanctioned amount"
MPLADS_0854,Karnataka,District_26,Drinking Water,2538144,2284967,3630597,3,416,Agency_3,Delayed,16.066042,77.88978,1,Normal,0.0549499566913846,75,HIGH,"Expenditure exceeds sanctioned amount, Severe project delay, Low progress with high expenditure"
MPLADS_0855,Karnataka,District_1,Drinking Water,3533978,2070880,818062,26,405,Agency_3,Delayed,16.34745,75.977683,1,Normal,0.0738698622476641,25,LOW,Severe project delay
MPLADS_0856,Telangana,District_11,Drinking Water,3506537,2851285,2999159,43,175,Agency_18,In Progress,18.559163,78.246448,1,Normal,0.1064508953077726,30,LOW,"High expenditure, Project delay"
MPLADS_0857,Tamil Nadu,District_16,School,3538882,2466338,4844028,39,386,Agency_4,Delayed,9.715356,79.513738,1,Normal,0.0509963359788054,75,HIGH,"Expenditure exceeds sanctioned amount, Severe project delay, Low progress with high expenditure"
MPLADS_0858,Andhra Pradesh,District_18,Community Hall,436213,4293780,677538,46,470,Agency_1,Completed,15.546369,83.166881,-1,Anomaly,-0.0003933833191157,75,HIGH,"Expenditure exceeds sanctioned amount, Severe project delay, AI detected unusual pattern"
MPLADS_0859,Kerala,District_16,Hospital,2546589,3943193,4617455,93,340,Agency_16,In Progress,11.983143,77.029662,1,Normal,0.041386119759023,55,MEDIUM,"Expenditure exceeds sanctioned amount, Severe project delay"
MPLADS_0860,Andhra Pradesh,District_23,Community Hall,466690,2867754,2023338,43,232,Agency_8,In Progress,18.649793,80.19098,1,Normal,0.0915478456934289,55,MEDIUM,"Expenditure exceeds sanctioned amount, Severe project delay"
MPLADS_0861,Tamil Nadu,District_10,Community Hall,1213951,2831460,3088378,47,150,Agency_17,In Progress,9.785654,78.645235,1,Normal,0.1099876301901218,45,MEDIUM,"Expenditure exceeds sanctioned amount, Project delay"
MPLADS_0862,Kerala,District_18,Drainage,3046244,1305959,4882691,90,451,Agency_8,Delayed,9.907393,76.362793,1,Normal,0.0016661461677064,55,MEDIUM,"Expenditure exceeds sanctioned amount, Severe project delay"
MPLADS_0863,Telangana,District_6,Drinking Water,4396421,4313397,2072624,84,276,Agency_7,Delayed,18.692902,79.815939,1,Normal,0.0648758658049221,35,MEDIUM,"Severe project delay, High sanctioned amount"
MPLADS_0864,Karnataka,District_19,School,927751,2163687,4655373,51,228,Agency_8,Delayed,14.12187,74.767557,1,Normal,0.0708883210631717,55,MEDIUM,"Expenditure exceeds sanctioned amount, Severe project delay"
MPLADS_0865,Andhra Pradesh,District_4,Drainage,972426,1669426,1957175,83,170,Agency_12,In Progress,15.441494,77.855013,1,Normal,0.0857648092337655,45,MEDIUM,"Expenditure exceeds sanctioned amount, Project delay"
MPLADS_0866,Maharashtra,District_27,Road,728066,4500627,4271663,67,222,Agency_16,In Progress,21.385631,75.470783,1,Normal,0.0559209789305523,55,MEDIUM,"Expenditure exceeds sanctioned amount, Severe project delay"
MPLADS_0867,Maharashtra,District_13,School,1927779,2406068,2310612,10,212,Agency_12,Not Started,16.603988,72.811216,1,Normal,0.1001240478900378,75,HIGH,"Expenditure exceeds sanctioned amount, Severe project delay, Low progress with high expenditure"
MPLADS_0868,Tamil Nadu,District_24,Community Hall,1675199,2188421,4020768,76,281,Agency_19,Not Started,11.616605,78.87499,1,Normal,0.1003786806893871,55,MEDIUM,"Expenditure exceeds sanctioned amount, Severe project delay"
MPLADS_0869,Telangana,District_14,School,1851951,970631,2052749,72,40,Agency_10,Delayed,17.196477,77.472505,1,Normal,0.0801334659912603,30,LOW,Expenditure exceeds sanctioned amount
MPLADS_0870,Andhra Pradesh,District_3,Drinking Water,102949,335291,1335831,3,121,Agency_7,In Progress,15.303551,79.220862,-1,Anomaly,-0.0171036000750096,85,CRITICAL,"Expenditure exceeds sanctioned amount, Project delay, Low progress with high expenditure, AI detected unusual pattern"
MPLADS_0871,Telangana,District_10,Road,4708234,2585896,4988985,75,226,Agency_12,Delayed,18.576195,79.501961,1,Normal,0.0327143117834165,65,HIGH,"Expenditure exceeds sanctioned amount, Severe project delay, High sanctioned amount"
MPLADS_0872,Andhra Pradesh,District_6,Drinking Water,2242710,1699959,4490609,72,293,Agency_5,Delayed,15.006319,78.46493,1,Normal,0.0892778926720051,55,MEDIUM,"Expenditure exceeds sanctioned amount, Severe project delay"
MPLADS_0873,Tamil Nadu,District_1,Road,3604184,3920019,915352,76,87,Agency_16,Not Started,13.533001,78.106807,1,Normal,0.0594565490206916,0,LOW,No major risk detected
MPLADS_0874,Tamil Nadu,District_23,Drainage,1059260,2238077,901255,47,266,Agency_9,Completed,11.854336,76.790322,1,Normal,0.0861495734563486,40,MEDIUM,"High expenditure, Severe project delay"
MPLADS_0875,Maharashtra,District_24,Community Hall,839148,4834973,1970022,25,488,Agency_7,Delayed,18.756333,72.828555,1,Normal,0.0052895657740799,75,HIGH,"Expenditure exceeds sanctioned amount, Severe project delay, Low progress with high expenditure"
MPLADS_0876,Telangana,District_27,Road,1565509,3819484,3286194,76,28,Agency_14,Completed,17.872366,80.863266,1,Normal,0.0701973902830924,30,LOW,Expenditure exceeds sanctioned amount
MPLADS_0877,Kerala,District_14,Road,1603091,1340906,2288598,38,494,Agency_11,Completed,9.967351,74.90139,1,Normal,0.0551307263900304,75,HIGH,"Expenditure exceeds sanctioned amount, Severe project delay, Low progress with high expenditure"
MPLADS_0878,Maharashtra,District_8,Road,3871301,1485367,4621534,91,246,Agency_7,In Progress,15.801213,75.82029,1,Normal,0.0475087685593274,55,MEDIUM,"Expenditure exceeds sanctioned amount, Severe project delay"
MPLADS_0879,Telangana,District_19,School,2219068,1590450,1891397,57,315,Agency_10,In Progress,16.456102,77.288738,1,Normal,0.1106455722419909,40,MEDIUM,"High expenditure, Severe project delay"
MPLADS_0880,Maharashtra,District_14,Drainage,3917239,3771040,3921251,18,450,Agency_9,Delayed,20.515388,76.405741,1,Normal,0.0448937718192774,75,HIGH,"Expenditure exceeds sanctioned amount, Severe project delay, Low progress with high expenditure"
MPLADS_0881,Kerala,District_10,School,1358166,1739576,4615681,87,448,Agency_4,Not Started,9.530526,77.140216,1,Normal,0.0325340276384429,55,MEDIUM,"Expenditure exceeds sanctioned amount, Severe project delay"
MPLADS_0882,Karnataka,District_17,Community Hall,2919530,3296849,1690664,82,243,Agency_16,Not Started,12.312973,78.397227,1,Normal,0.0962074411053961,25,LOW,Severe project delay
MPLADS_0883,Karnataka,District_9,Road,2145104,315976,3556434,76,60,Agency_10,Delayed,13.697767,78.086657,1,Normal,0.0608266352710648,30,LOW,Expenditure exceeds sanctioned amount
MPLADS_0884,Karnataka,District_29,Drainage,3770922,1655196,2488843,76,146,Agency_19,Delayed,15.7206,77.802854,1,Normal,0.0988546260750127,15,LOW,Project delay
MPLADS_0885,Karnataka,District_6,Drainage,3982623,4256771,772557,57,173,Agency_17,Not Started,18.388092,75.326665,1,Normal,0.0667117677261165,15,LOW,Project delay
MPLADS_0886,Andhra Pradesh,District_11,Hospital,1173270,1095851,4240061,27,432,Agency_9,Completed,18.943494,79.854803,1,Normal,0.048169300729761,75,HIGH,"Expenditure exceeds sanctioned amount, Severe project delay, Low progress with high expenditure"
MPLADS_0887,Karnataka,District_25,Community Hall,2561019,127994,2729713,65,277,Agency_13,Delayed,14.198583,75.565781,1,Normal,0.0784756557813546,55,MEDIUM,"Expenditure exceeds sanctioned amount, Severe project delay"
MPLADS_0888,Kerala,District_7,Drainage,1380728,4338506,4156477,9,333,Agency_1,Completed,10.690475,75.200777,1,Normal,0.0495971887392741,75,HIGH,"Expenditure exceeds sanctioned amount, Severe project delay, Low progress with high expenditure"
MPLADS_0889,Tamil Nadu,District_17,Road,1079242,2714921,592933,85,368,Agency_2,Delayed,11.100784,78.47516,1,Normal,0.0622793101824998,25,LOW,Severe project delay
MPLADS_0890,Tamil Nadu,District_28,Road,2217626,3591525,331199,76,440,Agency_13,Delayed,12.26665,79.70133,1,Normal,0.0414095816943433,25,LOW,Severe project delay
MPLADS_0891,Andhra Pradesh,District_28,Drainage,3758201,1484730,936502,57,378,Agency_9,Completed,15.506913,79.148899,1,Normal,0.0835121137755416,25,LOW,Severe project delay
MPLADS_0892,Karnataka,District_1,School,400068,4689158,3839994,72,141,Agency_7,Completed,13.315344,74.89527,1,Normal,0.0433422347096336,45,MEDIUM,"Expenditure exceeds sanctioned amount, Project delay"
MPLADS_0893,Karnataka,District_22,Community Hall,3474638,3843730,1421746,96,43,Agency_16,Not Started,11.903533,75.575261,1,Normal,0.0207453339296207,0,LOW,No major risk detected
MPLADS_0894,Karnataka,District_5,Road,2788384,4121650,2439488,13,143,Agency_19,Delayed,13.391734,78.44552,1,Normal,0.087426326853764,50,MEDIUM,"High expenditure, Project delay, Low progress with high expenditure"
MPLADS_0895,Maharashtra,District_9,Drainage,454911,4404489,4950935,83,352,Agency_7,In Progress,19.225107,75.482399,1,Normal,0.0100543892081876,55,MEDIUM,"Expenditure exceeds sanctioned amount, Severe project delay"
MPLADS_0896,Telangana,District_18,Road,2558164,2008615,39092,14,332,Agency_6,In Progress,18.179917,77.728947,1,Normal,0.0380193386118858,25,LOW,Severe project delay
MPLADS_0897,Maharashtra,District_24,Drainage,3369343,1028534,667191,95,485,Agency_18,Delayed,18.486284,77.797745,-1,Anomaly,-0.000150287754687,45,MEDIUM,"Severe project delay, AI detected unusual pattern"
MPLADS_0898,Telangana,District_27,Community Hall,3693394,4518262,2397807,32,496,Agency_19,Delayed,17.804481,78.726759,1,Normal,0.0235292708324061,25,LOW,Severe project delay
MPLADS_0899,Karnataka,District_21,Drainage,1787075,2419320,893435,16,395,Agency_11,Delayed,18.456939,78.049448,1,Normal,0.074177776585852,25,LOW,Severe project delay
MPLADS_0900,Karnataka,District_2,Hospital,1219070,3914376,4091534,23,54,Agency_12,Completed,15.863842,76.619136,1,Normal,0.048918147488135,50,MEDIUM,"Expenditure exceeds sanctioned amount, Low progress with high expenditure"
MPLADS_0901,Maharashtra,District_29,Drainage,4187075,945668,1900576,29,306,Agency_10,In Progress,19.634293,74.27089,1,Normal,0.0801455852821512,35,MEDIUM,"Severe project delay, High sanctioned amount"
MPLADS_0902,Maharashtra,District_26,Drainage,221277,2729276,3519934,61,357,Agency_13,In Progress,18.168395,72.927514,1,Normal,0.0660404163064533,55,MEDIUM,"Expenditure exceeds sanctioned amount, Severe project delay"
MPLADS_0903,Telangana,District_11,Community Hall,4736270,1368155,3469379,12,422,Agency_12,In Progress,17.749739,79.263493,1,Normal,0.0268001950497831,55,MEDIUM,"Severe project delay, Low progress with high expenditure, High sanctioned amount"
MPLADS_0904,Tamil Nadu,District_27,Drainage,2443455,1034588,217580,61,416,Agency_10,Delayed,9.275399,80.248921,1,Normal,0.0511602968384616,25,LOW,Severe project delay
MPLADS_0905,Telangana,District_28,Community Hall,1411212,4499399,779032,46,160,Agency_18,Completed,19.528764,79.944144,1,Normal,0.0729264103965555,15,LOW,Project delay
MPLADS_0906,Maharashtra,District_6,Hospital,1653344,4052761,1682992,15,284,Agency_4,Delayed,19.067013,79.820744,1,Normal,0.0799035095039109,75,HIGH,"Expenditure exceeds sanctioned amount, Severe project delay, Low progress with high expenditure"
MPLADS_0907,Kerala,District_26,Community Hall,3323751,531632,4752256,65,324,Agency_5,Not Started,8.801001,76.855325,1,Normal,0.049633435189016,55,MEDIUM,"Expenditure exceeds sanctioned amount, Severe project delay"
MPLADS_0908,Maharashtra,District_8,Road,2519491,1359752,3782380,80,197,Agency_5,Not Started,16.411335,79.191948,1,Normal,0.0920231080465034,55,MEDIUM,"Expenditure exceeds sanctioned amount, Severe project delay"
MPLADS_0909,Kerala,District_4,Community Hall,2972321,4081103,4368548,95,158,Agency_12,In Progress,9.468531,77.080436,1,Normal,0.0436341250219153,45,MEDIUM,"Expenditure exceeds sanctioned amount, Project delay"
MPLADS_0910,Andhra Pradesh,District_18,Hospital,1431710,579954,486857,42,79,Agency_3,Delayed,18.830678,77.905247,1,Normal,0.0449879212120356,0,LOW,No major risk detected
MPLADS_0911,Maharashtra,District_28,Drinking Water,2641822,4100807,1670100,7,30,Agency_8,Not Started,18.607391,80.742195,1,Normal,0.0386476005812275,0,LOW,No major risk detected
MPLADS_0912,Andhra Pradesh,District_11,Drainage,2107797,3063337,21017,2,472,Agency_2,Not Started,15.790489,83.694735,-1,Anomaly,-0.0170567751022784,45,MEDIUM,"Severe project delay, AI detected unusual pattern"
MPLADS_0913,Tamil Nadu,District_5,Community Hall,851818,1461910,3941895,11,111,Agency_18,Delayed,11.296897,77.776386,1,Normal,0.0520003909406825,65,HIGH,"Expenditure exceeds sanctioned amount, Project delay, Low progress with high expenditure"
MPLADS_0914,Telangana,District_15,Drainage,2268787,1461188,3110786,83,45,Agency_9,Completed,16.971713,77.972248,1,Normal,0.0771099077879552,30,LOW,Expenditure exceeds sanctioned amount
MPLADS_0915,Kerala,District_28,School,2845766,4111367,2661788,15,352,Agency_13,Delayed,11.704272,75.805005,1,Normal,0.079962845838153,60,MEDIUM,"High expenditure, Severe project delay, Low progress with high expenditure"
MPLADS_0916,Telangana,District_18,Road,4465239,76505,3565392,77,204,Agency_7,Delayed,17.896229,79.070837,1,Normal,0.0510066230251482,35,MEDIUM,"Severe project delay, High sanctioned amount"
MPLADS_0917,Andhra Pradesh,District_2,Road,3249362,3756729,2378787,79,51,Agency_10,Completed,16.410042,83.711175,1,Normal,0.0680764804412848,0,LOW,No major risk detected
MPLADS_0918,Kerala,District_22,School,3151373,1700375,219720,58,137,Agency_9,In Progress,12.711401,75.859719,1,Normal,0.0621574984830192,15,LOW,Project delay
MPLADS_0919,Telangana,District_11,School,2850174,1925530,2228222,48,471,Agency_15,In Progress,19.192828,80.105206,1,Normal,0.0759102428602758,25,LOW,Severe project delay
MPLADS_0920,Maharashtra,District_26,Community Hall,923420,262204,4000919,62,73,Agency_5,In Progress,19.327938,80.535191,1,Normal,0.0405030939410837,30,LOW,Expenditure exceeds sanctioned amount
MPLADS_0921,Karnataka,District_25,School,542503,578168,3025624,61,40,Agency_12,Completed,12.903322,74.502615,1,Normal,0.0509383307370775,30,LOW,Expenditure exceeds sanctioned amount
MPLADS_0922,Andhra Pradesh,District_13,Drinking Water,4462903,1023215,4147192,48,478,Agency_1,Not Started,18.236149,80.257114,1,Normal,0.0187496700896464,50,MEDIUM,"High expenditure, Severe project delay, High sanctioned amount"
MPLADS_0923,Telangana,District_4,Drainage,2385071,617827,2142162,50,76,Agency_12,Completed,19.272572,80.593743,1,Normal,0.083828967695029,15,LOW,High expenditure
MPLADS_0924,Andhra Pradesh,District_22,Drainage,2615820,2387208,4127386,32,386,Agency_6,Delayed,13.01222,83.856065,1,Normal,0.08859809078466,75,HIGH,"Expenditure exceeds sanctioned amount, Severe project delay, Low progress with high expenditure"
MPLADS_0925,Andhra Pradesh,District_7,Hospital,2550511,1317633,1705625,29,186,Agency_19,Completed,15.558906,80.834503,1,Normal,0.0984391234809511,25,LOW,Severe project delay
MPLADS_0926,Kerala,District_29,School,4128813,3734815,4983232,58,369,Agency_19,Not Started,11.082326,77.208595,1,Normal,0.0312949195071585,65,HIGH,"Expenditure exceeds sanctioned amount, Severe project delay, High sanctioned amount"
MPLADS_0927,Kerala,District_11,School,3546716,4752104,1972160,75,51,Agency_16,Not Started,8.287934,76.039793,1,Normal,0.0445882595474826,0,LOW,No major risk detected
MPLADS_0928,Karnataka,District_22,Drinking Water,994461,2076182,1744872,14,417,Agency_19,Delayed,16.314054,77.324452,1,Normal,0.069187241052338,75,HIGH,"Expenditure exceeds sanctioned amount, Severe project delay, Low progress with high expenditure"
MPLADS_0929,Maharashtra,District_24,Road,1517256,4688246,1661722,81,432,Agency_3,In Progress,20.101461,73.715812,1,Normal,0.0585883880679956,55,MEDIUM,"Expenditure exceeds sanctioned amount, Severe project delay"
MPLADS_0930,Andhra Pradesh,District_4,Road,4399025,98784,4241797,91,411,Agency_10,Not Started,14.576011,79.605596,-1,Anomaly,-0.0029426839464904,70,HIGH,"High expenditure, Severe project delay, High sanctioned amount, AI detected unusual pattern"
MPLADS_0931,Telangana,District_28,Drainage,4380972,2260186,3847478,22,466,Agency_18,Not Started,19.098193,78.259288,1,Normal,0.0395607897212926,70,HIGH,"High expenditure, Severe project delay, Low progress with high expenditure, High sanctioned amount"
MPLADS_0932,Tamil Nadu,District_15,Drainage,328518,2581196,4034537,77,86,Agency_13,Not Started,9.179948,80.221282,1,Normal,0.0480766006022655,30,LOW,Expenditure exceeds sanctioned amount
MPLADS_0933,Andhra Pradesh,District_1,Community Hall,3461647,3250090,2790877,93,108,Agency_18,Delayed,12.658498,84.782349,1,Normal,0.066484830282768,30,LOW,"High expenditure, Project delay"
MPLADS_0934,Andhra Pradesh,District_23,Drinking Water,2755421,103997,2630390,96,479,Agency_3,Not Started,17.067021,83.410601,-1,Anomaly,-0.0040786373385263,60,MEDIUM,"High expenditure, Severe project delay, AI detected unusual pattern"
MPLADS_0935,Karnataka,District_3,Hospital,1414359,2140053,3041863,44,396,Agency_3,In Progress,13.562336,74.06585,1,Normal,0.1028731703411895,55,MEDIUM,"Expenditure exceeds sanctioned amount, Severe project delay"
MPLADS_0936,Maharashtra,District_14,Hospital,1212586,4425717,1160311,61,224,Agency_12,Delayed,20.396152,79.5234,1,Normal,0.0804403970845928,40,MEDIUM,"High expenditure, Severe project delay"
MPLADS_0937,Tamil Nadu,District_6,Drinking Water,4767776,850981,1605776,78,481,Agency_7,In Progress,12.146666,76.799971,1,Normal,0.0184243073564659,35,MEDIUM,"Severe project delay, High sanctioned amount"
MPLADS_0938,Kerala,District_18,Hospital,456884,2990504,2078535,70,480,Agency_8,Not Started,11.665768,76.799199,1,Normal,0.0282915036238325,55,MEDIUM,"Expenditure exceeds sanctioned amount, Severe project delay"
MPLADS_0939,Kerala,District_25,Road,4503325,4984990,3127173,14,247,Agency_9,Not Started,11.229286,76.791901,1,Normal,0.0259719304226495,35,MEDIUM,"Severe project delay, High sanctioned amount"
MPLADS_0940,Telangana,District_1,Hospital,197032,1512108,4835885,45,68,Agency_14,In Progress,19.268278,79.531696,1,Normal,0.0070088989338018,30,LOW,Expenditure exceeds sanctioned amount
MPLADS_0941,Tamil Nadu,District_6,Hospital,3338157,4793216,3254811,63,119,Agency_5,Delayed,8.496186,78.248037,1,Normal,0.069377511047962,30,LOW,"High expenditure, Project delay"
MPLADS_0942,Kerala,District_6,Drinking Water,4702124,620993,3043932,45,66,Agency_19,Delayed,8.557187,75.859612,1,Normal,0.0514035862478753,10,LOW,High sanctioned amount
MPLADS_0943,Telangana,District_21,Drinking Water,1412516,1300469,631747,55,60,Agency_16,In Progress,17.469137,77.450837,1,Normal,0.0649663278001852,0,LOW,No major risk detected
MPLADS_0944,Maharashtra,District_16,Hospital,2425100,4127348,2505902,43,443,Agency_12,Not Started,17.867333,73.521284,1,Normal,0.0721585055680082,55,MEDIUM,"Expenditure exceeds sanctioned amount, Severe project delay"
MPLADS_0945,Telangana,District_29,School,1768562,4944450,2854517,74,326,Agency_4,Completed,19.113764,80.801214,1,Normal,0.0695444923227679,55,MEDIUM,"Expenditure exceeds sanctioned amount, Severe project delay"
MPLADS_0946,Kerala,District_5,Drinking Water,2306356,2223577,1291258,28,407,Agency_8,In Progress,8.532656,77.2833,1,Normal,0.0871889720497517,25,LOW,Severe project delay
MPLADS_0947,Karnataka,District_17,Community Hall,1379785,2643449,4633190,94,190,Agency_7,In Progress,15.158036,75.378002,1,Normal,0.04497420664855,55,MEDIUM,"Expenditure exceeds sanctioned amount, Severe project delay"
MPLADS_0948,Karnataka,District_10,Community Hall,4349376,1638858,4433475,61,469,Agency_15,In Progress,12.038035,76.302872,1,Normal,0.0303758772885077,65,HIGH,"Expenditure exceeds sanctioned amount, Severe project delay, High sanctioned amount"
MPLADS_0949,Karnataka,District_28,Road,2811642,1068543,3529567,88,492,Agency_6,Not Started,17.061609,77.252598,1,Normal,0.021639002997737,55,MEDIUM,"Expenditure exceeds sanctioned amount, Severe project delay"
MPLADS_0950,Kerala,District_21,Hospital,4333664,4356219,4371862,51,188,Agency_5,Delayed,8.43104,74.989545,1,Normal,0.0568606563037475,65,HIGH,"Expenditure exceeds sanctioned amount, Severe project delay, High sanctioned amount"
MPLADS_0951,Karnataka,District_18,School,3433737,435105,993061,53,150,Agency_14,Not Started,14.320113,75.358336,1,Normal,0.0737077949151981,15,LOW,Project delay
MPLADS_0952,Tamil Nadu,District_7,Road,4951366,3475077,306412,87,285,Agency_13,In Progress,9.301352,77.380219,1,Normal,0.0167045400734696,35,MEDIUM,"Severe project delay, High sanctioned amount"
MPLADS_0953,Maharashtra,District_3,Hospital,742353,4563125,2581703,56,443,Agency_10,Not Started,20.822638,80.312593,1,Normal,0.0420105695215065,55,MEDIUM,"Expenditure exceeds sanctioned amount, Severe project delay"
MPLADS_0954,Telangana,District_13,Drinking Water,4931539,4277234,2395632,82,401,Agency_18,Not Started,17.460921,80.643222,1,Normal,0.022911002101402,35,MEDIUM,"Severe project delay, High sanctioned amount"
MPLADS_0955,Telangana,District_15,Community Hall,2808566,1171889,2897225,65,95,Agency_4,In Progress,17.118132,79.010461,1,Normal,0.0982219748925302,45,MEDIUM,"Expenditure exceeds sanctioned amount, Project delay"
MPLADS_0956,Kerala,District_20,Drainage,2378033,799211,3242860,21,311,Agency_8,Not Started,9.239733,76.465238,1,Normal,0.0856161159707318,75,HIGH,"Expenditure exceeds sanctioned amount, Severe project delay, Low progress with high expenditure"
MPLADS_0957,Karnataka,District_19,School,1205933,3308881,2705563,19,308,Agency_11,Completed,18.352868,76.776068,1,Normal,0.0939826319233264,75,HIGH,"Expenditure exceeds sanctioned amount, Severe project delay, Low progress with high expenditure"
MPLADS_0958,Karnataka,District_3,Drainage,1540309,3681453,1508118,32,262,Agency_17,Not Started,14.004699,76.97996,1,Normal,0.0968924149690296,60,MEDIUM,"High expenditure, Severe project delay, Low progress with high expenditure"
MPLADS_0959,Andhra Pradesh,District_4,Community Hall,4451744,4000476,1810831,71,96,Agency_18,Not Started,13.411276,83.898139,1,Normal,0.061756464137223,25,LOW,"Project delay, High sanctioned amount"
MPLADS_0960,Maharashtra,District_5,Drainage,3355107,2043384,1604362,24,452,Agency_11,Delayed,18.870046,76.329603,1,Normal,0.0617136936543452,25,LOW,Severe project delay
MPLADS_0961,Tamil Nadu,District_1,Drinking Water,244152,2235028,3750214,45,112,Agency_16,Delayed,11.280843,78.824092,1,Normal,0.0578190087001319,45,MEDIUM,"Expenditure exceeds sanctioned amount, Project delay"
MPLADS_0962,Telangana,District_4,Hospital,1978356,4853958,2078710,72,475,Agency_12,In Progress,16.094281,79.793945,1,Normal,0.035895721684138,55,MEDIUM,"Expenditure exceeds sanctioned amount, Severe project delay"
MPLADS_0963,Andhra Pradesh,District_12,Drinking Water,4847927,587691,3656313,97,124,Agency_13,In Progress,14.196749,82.483016,1,Normal,0.0077880479954381,25,LOW,"Project delay, High sanctioned amount"
MPLADS_0964,Andhra Pradesh,District_28,Drainage,862744,3537924,1017705,56,455,Agency_16,Delayed,18.02873,83.212064,1,Normal,0.0414181933756414,55,MEDIUM,"Expenditure exceeds sanctioned amount, Severe project delay"
MPLADS_0965,Kerala,District_27,Drinking Water,3169812,822838,2792540,86,462,Agency_1,Completed,10.741504,76.152442,1,Normal,0.0508529935041599,40,MEDIUM,"High expenditure, Severe project delay"
MPLADS_0966,Telangana,District_24,Community Hall,3262713,311420,326790,4,435,Agency_16,Not Started,16.385791,80.146315,-1,Anomaly,-0.005946686573782,45,MEDIUM,"Severe project delay, AI detected unusual pattern"
MPLADS_0967,Kerala,District_10,School,3850760,527843,1926195,54,131,Agency_15,Completed,9.448483,76.091408,1,Normal,0.0840792559471169,15,LOW,Project delay
MPLADS_0968,Tamil Nadu,District_23,Drinking Water,1025112,4579943,3557480,60,417,Agency_6,Completed,9.591935,76.762079,1,Normal,0.0624015331041051,55,MEDIUM,"Expenditure exceeds sanctioned amount, Severe project delay"
MPLADS_0969,Andhra Pradesh,District_25,Community Hall,4727482,2310156,3797415,88,452,Agency_12,Delayed,16.755081,77.140089,1,Normal,0.0187360592637984,50,MEDIUM,"High expenditure, Severe project delay, High sanctioned amount"
MPLADS_0970,Andhra Pradesh,District_21,School,4083123,4602538,55712,7,416,Agency_8,In Progress,17.541059,79.272453,-1,Anomaly,-0.01851963237294,55,MEDIUM,"Severe project delay, High sanctioned amount, AI detected unusual pattern"
MPLADS_0971,Maharashtra,District_29,Hospital,605839,4640905,2506641,15,120,Agency_7,Not Started,15.600876,76.842372,1,Normal,0.0368488236294515,65,HIGH,"Expenditure exceeds sanctioned amount, Project delay, Low progress with high expenditure"
MPLADS_0972,Tamil Nadu,District_26,Drainage,664101,1875260,4538268,47,196,Agency_2,In Progress,8.262371,77.359912,1,Normal,0.0668108133561724,55,MEDIUM,"Expenditure exceeds sanctioned amount, Severe project delay"
MPLADS_0973,Andhra Pradesh,District_20,Hospital,499813,2115306,2232494,60,293,Agency_12,Completed,17.266045,77.207786,1,Normal,0.0915645270945365,55,MEDIUM,"Expenditure exceeds sanctioned amount, Severe project delay"
MPLADS_0974,Tamil Nadu,District_24,Road,3896300,4825833,1674092,14,481,Agency_14,Completed,12.700296,76.216044,1,Normal,0.0025507034603247,25,LOW,Severe project delay
MPLADS_0975,Telangana,District_25,Community Hall,1928266,3897593,4540801,64,121,Agency_16,In Progress,16.811978,80.015435,1,Normal,0.0762843846337719,45,MEDIUM,"Expenditure exceeds sanctioned amount, Project delay"
MPLADS_0976,Karnataka,District_13,School,601238,4237694,497707,21,281,Agency_11,In Progress,13.713891,74.468705,1,Normal,0.0254008118656742,60,MEDIUM,"High expenditure, Severe project delay, Low progress with high expenditure"
MPLADS_0977,Andhra Pradesh,District_23,Drinking Water,4661008,1262980,102091,2,384,Agency_9,Delayed,14.977544,78.890186,-1,Anomaly,-0.0085294580706712,55,MEDIUM,"Severe project delay, High sanctioned amount, AI detected unusual pattern"
MPLADS_0978,Maharashtra,District_14,Hospital,3693488,3149834,903150,53,259,Agency_10,In Progress,21.077627,75.200788,1,Normal,0.0825024417691051,25,LOW,Severe project delay
MPLADS_0979,Telangana,District_23,School,2131280,1305973,545827,13,38,Agency_17,In Progress,19.034623,80.589114,1,Normal,0.0393395264049172,0,LOW,No major risk detected
MPLADS_0980,Tamil Nadu,District_5,Community Hall,50215,3614507,942196,35,53,Agency_12,Delayed,10.429378,80.021761,1,Normal,0.0031887655966419,50,MEDIUM,"Expenditure exceeds sanctioned amount, Low progress with high expenditure"
MPLADS_0981,Kerala,District_4,Road,4612051,4349489,2059736,81,473,Agency_6,In Progress,9.935663,77.306604,1,Normal,0.0144903564398828,35,MEDIUM,"Severe project delay, High sanctioned amount"
MPLADS_0982,Telangana,District_14,Hospital,2945107,3232132,3950063,81,160,Agency_19,Completed,16.166087,79.810673,1,Normal,0.0915128920540112,45,MEDIUM,"Expenditure exceeds sanctioned amount, Project delay"
MPLADS_0983,Andhra Pradesh,District_10,Drainage,3219562,4299486,431743,66,288,Agency_11,In Progress,15.859173,79.839955,1,Normal,0.0672811126168592,25,LOW,Severe project delay
MPLADS_0984,Tamil Nadu,District_17,School,1067375,3490863,1573482,9,199,Agency_9,Not Started,11.543187,79.1562,1,Normal,0.0587815824451284,75,HIGH,"Expenditure exceeds sanctioned amount, Severe project delay, Low progress with high expenditure"
MPLADS_0985,Karnataka,District_10,Drainage,322544,4947327,1640872,48,275,Agency_6,Completed,11.530543,74.767984,1,Normal,0.0359825941118515,55,MEDIUM,"Expenditure exceeds sanctioned amount, Severe project delay"
MPLADS_0986,Telangana,District_26,School,584633,3088783,1535068,64,15,Agency_16,Delayed,18.723489,79.732265,1,Normal,0.0308396938157666,30,LOW,Expenditure exceeds sanctioned amount
MPLADS_0987,Andhra Pradesh,District_7,School,1913907,3421189,4624228,90,404,Agency_16,Completed,18.975914,82.864406,1,Normal,0.0493656736577915,55,MEDIUM,"Expenditure exceeds sanctioned amount, Severe project delay"
MPLADS_0988,Maharashtra,District_16,Community Hall,864661,1922508,2174452,56,172,Agency_6,Delayed,21.780023,78.431086,1,Normal,0.1039674311476386,45,MEDIUM,"Expenditure exceeds sanctioned amount, Project delay"
MPLADS_0989,Kerala,District_1,Community Hall,2657421,2967369,4595711,26,247,Agency_5,Not Started,9.57104,75.073949,1,Normal,0.0842053581587499,75,HIGH,"Expenditure exceeds sanctioned amount, Severe project delay, Low progress with high expenditure"
MPLADS_0990,Tamil Nadu,District_17,Community Hall,1366303,4852738,4144777,74,382,Agency_4,Not Started,12.378214,78.905427,1,Normal,0.0538113278314346,55,MEDIUM,"Expenditure exceeds sanctioned amount, Severe project delay"
MPLADS_0991,Telangana,District_21,Drinking Water,972401,4816589,3347013,4,217,Agency_2,Completed,15.997563,78.568192,1,Normal,0.021573338779593,75,HIGH,"Expenditure exceeds sanctioned amount, Severe project delay, Low progress with high expenditure"
MPLADS_0992,Telangana,District_29,School,4757926,194375,3984532,70,86,Agency_6,In Progress,19.722879,79.101524,1,Normal,0.0210676924535108,25,LOW,"High expenditure, High sanctioned amount"
MPLADS_0993,Karnataka,District_9,Hospital,1170113,4279491,3254699,82,81,Agency_9,Completed,14.529104,76.105418,1,Normal,0.0575669494860656,30,LOW,Expenditure exceeds sanctioned amount
MPLADS_0994,Karnataka,District_6,Drainage,1863353,707253,3093562,56,61,Agency_17,Completed,12.962179,75.696053,1,Normal,0.0872265255795275,30,LOW,Expenditure exceeds sanctioned amount
MPLADS_0995,Maharashtra,District_19,Community Hall,4642087,3233818,2145896,92,286,Agency_14,Not Started,18.003786,73.034547,1,Normal,0.0600796673469776,35,MEDIUM,"Severe project delay, High sanctioned amount"
MPLADS_0996,Kerala,District_13,Community Hall,4714759,3129578,4582530,14,499,Agency_7,Delayed,11.730811,75.882912,-1,Anomaly,-0.0111988351875299,90,CRITICAL,"High expenditure, Severe project delay, Low progress with high expenditure, High sanctioned amount, AI detected unusual pattern"
MPLADS_0997,Maharashtra,District_3,Drainage,4476421,1568560,2426738,98,41,Agency_19,Completed,20.944169,79.657888,1,Normal,0.0081753131248674,10,LOW,High sanctioned amount
MPLADS_0998,Andhra Pradesh,District_7,Drainage,3529664,1944420,2717430,100,11,Agency_1,In Progress,13.999161,82.024563,1,Normal,0.0009310301677472,0,LOW,No major risk detected
MPLADS_0999,Andhra Pradesh,District_22,School,3589172,591797,1966678,75,320,Agency_15,Not Started,15.71706,83.82927,1,Normal,0.0946141186198068,25,LOW,Severe project delay
MPLADS_1000,Maharashtra,District_9,Community Hall,4203514,4312957,2342127,29,233,Agency_18,Completed,17.002314,78.22585,1,Normal,0.0788771830698241,35,MEDIUM,"Severe project delay, High sanctioned amount"
